Fecha,Producto,Cantidad,Precio Unitario
2023-12-13,Producto B,5,16321.42
2023-11-02,Producto B,6,83995.11
2024-08-12,Producto B,1,8130.67
2023-07-23,Producto D,8,15058.26
2024-12-30,Producto C,3,45682.0
2024-04-11,Producto A,3,85030.13
2023-05-26,Producto A,9,98037.86
2024-06-19,Producto B,5,71841.43
2024-03-25,Producto C,8,37279.24
2024-01-27,Producto B,1,31986.48
2023-06-02,Producto B,7,14292.82
2024-12-04,Producto C,10,70848.45
2024-08-04,Producto A,8,44580.19
2023-07-11,Producto A,5,2521.12
2023-12-11,Producto D,2,14731.53
2024-05-20,Producto C,10,79256.48
2023-10-06,Producto B,9,34250.12
2024-03-03,Producto A,9,57101.17
2023-05-06,Producto B,10,80178.32
2024-10-20,Producto D,2,11391.2
2024-12-04,Producto C,8,15131.72
2023-04-04,Producto B,2,9052.3
2024-02-20,Producto D,9,13162.48
2023-09-06,Producto A,9,12107.43
2023-03-13,Producto D,2,29718.84
2023-11-04,Producto B,2,16961.24
2024-01-31,Producto B,1,80585.52
2023-03-12,Producto A,10,39528.52
2024-08-15,Producto C,5,28462.17
2023-06-06,Producto C,3,84566.91
2024-07-09,Producto B,6,39723.59
2023-01-26,Producto D,6,1635.92
2024-03-29,Producto B,7,19302.14
2024-05-11,Producto A,2,31709.71
2024-06-02,Producto C,7,32757.4
2024-06-27,Producto B,1,23927.18
2023-07-02,Producto B,8,34896.77
2024-03-03,Producto C,8,8496.91
2024-01-03,Producto C,7,69891.19
2023-08-08,Producto D,7,50469.79
2023-04-20,Producto A,8,8428.31
2023-09-03,Producto D,7,33595.3
2024-10-28,Producto C,9,21807.45
2024-11-05,Producto B,2,46121.7
2023-07-14,Producto B,10,8191.08
2023-07-31,Producto C,2,29509.48
2024-01-17,Producto D,10,18448.42
2024-11-03,Producto D,9,60014.81
2024-10-30,Producto A,7,76283.33
2024-07-20,Producto C,8,23578.65
2023-02-18,Producto A,6,26163.34
2024-12-05,Producto D,8,46075.74
2023-06-09,Producto B,10,37765.27
2024-03-14,Producto D,4,1793.12
2023-08-27,Producto C,8,72718.35
2023-02-01,Producto D,8,51879.84
2024-09-18,Producto D,3,68514.01
2023-09-17,Producto D,7,63759.4
2024-01-05,Producto B,4,98910.06
2024-10-30,Producto A,7,70065.74
2023-09-30,Producto B,7,64988.71
2024-09-13,Producto A,3,85120.92
2023-11-17,Producto B,10,48294.64
2023-08-24,Producto D,10,5301.5
2024-03-07,Producto C,3,48089.24
2023-02-22,Producto B,3,59714.52
2023-07-30,Producto D,6,85723.89
2024-11-12,Producto A,9,49052.84
2024-12-27,Producto A,2,97299.0
2023-04-04,Producto A,10,86407.31
2024-12-03,Producto C,3,47568.62
2024-04-13,Producto D,8,72155.88
2023-03-23,Producto A,6,46413.6
2024-08-06,Producto A,10,96283.43
2023-03-20,Producto B,7,17534.28
2023-08-17,Producto B,2,92345.46
2023-07-20,Producto D,4,96187.26
2024-01-27,Producto D,7,94959.83
2023-12-30,Producto D,8,90766.13
2023-12-11,Producto D,2,44711.36
2024-10-25,Producto A,3,88499.93
2023-07-25,Producto B,10,97062.09
2023-02-28,Producto B,10,21516.7
2024-04-02,Producto D,2,97319.48
2023-10-18,Producto B,6,17862.58
2023-05-30,Producto B,4,12084.33
2024-05-08,Producto A,10,58361.78
2024-01-27,Producto D,10,14711.83
2023-12-05,Producto A,4,66616.51
2023-03-30,Producto D,4,32814.0
2024-02-08,Producto B,7,92875.19
2024-09-25,Producto D,6,64698.06
2023-02-13,Producto B,4,12823.41
2023-08-29,Producto D,4,29269.58
2024-10-28,Producto C,8,84762.7
2024-10-28,Producto B,10,88953.53
2023-03-19,Producto B,10,3338.58
2024-04-25,Producto A,2,91145.31
2023-07-04,Producto A,1,72518.92
2024-02-13,Producto A,10,90362.27
2023-09-12,Producto C,1,11363.54
2024-04-14,Producto D,9,87595.09
2023-10-07,Producto C,7,40477.91
2024-10-23,Producto C,2,47675.18
2023-06-16,Producto A,4,19725.59
2023-04-06,Producto D,3,81989.94
2024-08-10,Producto A,6,81195.72
2023-05-21,Producto A,2,5496.52
2023-05-12,Producto A,2,85583.66
2023-09-22,Producto C,6,46045.36
2024-03-11,Producto C,1,99782.26
2024-01-05,Producto B,4,17552.33
2024-12-08,Producto D,9,1544.4
2024-08-18,Producto D,7,88844.76
2024-03-07,Producto D,10,11401.74
2024-02-12,Producto D,8,97740.18
2023-12-25,Producto B,10,42759.64
2023-02-18,Producto C,9,53027.89
2024-03-08,Producto C,3,99070.11
2023-10-23,Producto B,6,22640.3
2023-10-23,Producto C,1,48045.55
2024-08-02,Producto A,5,17015.3
2023-07-05,Producto B,10,56190.23
2024-10-24,Producto A,9,45475.42
2023-10-04,Producto B,8,27405.26
2024-06-19,Producto A,2,74229.06
2024-07-06,Producto A,6,18717.56
2024-07-21,Producto C,8,91456.75
2024-08-25,Producto A,6,95870.51
2024-11-27,Producto D,8,2843.47
2024-05-18,Producto B,2,42690.91
2023-12-27,Producto C,2,36724.87
2024-09-11,Producto C,5,77100.11
2023-03-17,Producto B,5,60979.87
2024-06-22,Producto A,5,25260.82
2024-06-11,Producto B,3,87018.81
2024-07-10,Producto D,4,30892.07
2023-04-27,Producto A,4,92688.67
2023-06-18,Producto C,6,3287.99
2023-06-05,Producto B,3,32939.41
2023-12-10,Producto B,2,73586.47
2024-04-20,Producto D,7,11946.29
2023-05-24,Producto A,6,20062.12
2024-04-11,Producto A,8,52450.93
2023-05-06,Producto A,5,84419.43
2023-03-23,Producto A,4,29019.26
2023-01-14,Producto B,10,86416.28
2024-08-09,Producto A,6,32242.97
2023-10-04,Producto D,8,14880.08
2023-07-16,Producto A,9,97433.03
2024-08-09,Producto B,3,69772.13
2024-05-19,Producto D,9,54700.65
2023-01-09,Producto A,3,30564.42
2023-02-16,Producto B,7,53176.92
2023-12-31,Producto D,6,25390.2
2024-10-31,Producto C,7,8256.16
2024-10-08,Producto B,4,87149.05
2023-08-07,Producto A,2,64769.32
2024-03-18,Producto D,1,72356.93
2024-08-02,Producto A,3,86442.04
2023-12-17,Producto A,5,80536.1
2024-01-06,Producto D,10,4996.46
2024-06-15,Producto D,6,89315.83
2023-08-01,Producto A,4,73579.53
2024-04-29,Producto D,5,44221.55
2023-09-03,Producto D,10,79495.14
2023-01-18,Producto B,5,77740.97
2024-07-11,Producto C,1,71717.03
2024-11-14,Producto A,5,57124.78
2023-07-19,Producto B,10,67545.43
2024-05-07,Producto B,6,13675.86
2023-06-10,Producto A,5,16928.22
2023-07-04,Producto B,3,72534.98
2023-10-04,Producto D,9,57484.42
2024-08-18,Producto C,2,36098.35
2023-05-08,Producto C,7,70489.33
2024-07-03,Producto C,10,85779.76
2024-12-01,Producto B,2,54947.05
2023-11-01,Producto D,1,25677.52
2023-03-20,Producto C,8,3384.17
2024-02-09,Producto B,8,29286.45
2023-03-29,Producto A,1,11127.89
2024-04-23,Producto C,1,9486.99
2023-01-05,Producto D,5,31067.75
2023-09-27,Producto B,8,90426.38
2024-03-07,Producto B,6,31276.79
2023-10-02,Producto A,3,8171.58
2024-04-24,Producto D,8,56348.23
2023-09-23,Producto A,10,47239.6
2024-08-29,Producto D,1,6717.97
2024-08-26,Producto C,2,42439.64
2023-09-29,Producto A,9,57077.39
2023-06-05,Producto B,9,4030.02
2023-07-08,Producto D,4,81699.56
2024-03-04,Producto A,8,72698.42
2023-07-07,Producto A,9,17842.44
2023-10-12,Producto C,10,5858.81
2024-11-20,Producto A,10,16989.64
2024-05-05,Producto D,9,70913.03
2023-03-22,Producto C,9,46721.14
2023-08-15,Producto B,4,11393.04
2023-10-03,Producto D,7,67020.87
2024-04-04,Producto D,2,3995.31
2023-01-01,Producto C,10,65886.51
2023-12-17,Producto A,1,38203.26
2023-07-05,Producto A,3,51383.16
2023-10-19,Producto B,4,11627.8
2024-06-03,Producto B,4,80805.68
2024-05-05,Producto A,7,10826.27
2024-06-24,Producto C,10,32788.37
2023-02-03,Producto D,3,87210.87
2023-06-06,Producto D,10,18146.96
2024-11-02,Producto A,6,31895.26
2024-07-12,Producto A,8,43610.58
2024-03-10,Producto C,3,49398.28
2024-07-31,Producto B,8,84135.91
2023-02-17,Producto B,9,34007.18
2024-08-18,Producto B,7,36985.36
2023-12-10,Producto A,1,95014.43
2024-12-06,Producto D,5,76746.64
2024-10-12,Producto A,9,73956.58
2024-06-03,Producto B,1,81570.73
2024-05-07,Producto B,4,69053.17
2023-07-06,Producto A,4,40250.64
2023-05-15,Producto D,2,76281.71
2023-07-26,Producto D,10,97692.88
2024-09-03,Producto C,6,68469.24
2024-01-27,Producto C,1,32045.17
2023-05-23,Producto C,3,69329.8
2023-03-24,Producto B,6,1858.82
2024-04-09,Producto B,1,17515.57
2024-09-08,Producto B,2,86855.14
2023-05-03,Producto C,8,42058.92
2024-07-23,Producto C,1,3033.11
2024-05-07,Producto D,9,35779.52
2024-06-28,Producto C,6,6819.26
2024-01-04,Producto C,10,74050.32
2024-03-02,Producto B,3,58230.42
2023-07-15,Producto C,3,51437.09
2024-09-21,Producto C,6,5936.03
2023-08-01,Producto C,2,97944.0
2024-04-11,Producto A,5,99027.73
2024-06-14,Producto D,2,58762.81
2024-12-29,Producto B,9,21985.44
2024-10-12,Producto C,6,40114.15
2024-03-08,Producto D,5,42746.17
2024-04-10,Producto A,3,2881.54
2024-02-17,Producto B,6,88110.7
2023-03-18,Producto B,7,45384.59
2024-05-29,Producto D,10,89438.3
2023-06-15,Producto C,7,51346.87
2023-01-20,Producto A,7,13724.27
2023-02-27,Producto A,4,4479.4
2024-06-11,Producto C,1,95478.03
2023-08-24,Producto D,2,24706.83
2024-01-09,Producto C,6,2502.13
2023-05-14,Producto D,10,76113.08
2023-12-05,Producto D,4,51807.09
2023-08-18,Producto C,2,48066.97
2024-09-05,Producto C,8,64004.6
2023-05-24,Producto B,4,82477.18
2024-01-17,Producto D,3,59590.27
2023-06-07,Producto A,2,88534.27
2024-01-23,Producto B,6,65894.82
2024-02-18,Producto D,1,99852.71
2024-07-29,Producto C,2,39032.27
2024-03-05,Producto D,4,42946.49
2024-05-24,Producto A,4,47405.59
2023-04-28,Producto C,6,77878.99
2024-10-02,Producto B,4,50891.61
2024-06-11,Producto B,1,34438.47
2024-05-21,Producto D,10,52008.24
2023-10-28,Producto C,10,1027.91
2023-01-13,Producto B,2,77307.62
2023-10-20,Producto B,3,21103.11
2024-09-28,Producto D,9,65933.87
2024-11-10,Producto B,5,38831.29
2023-01-28,Producto A,7,77142.08
2023-02-02,Producto C,5,76644.47
2024-04-18,Producto C,9,25571.82
2024-02-23,Producto C,7,65437.89
2023-03-05,Producto D,4,76839.6
2024-09-01,Producto A,2,38455.4
2024-08-24,Producto B,8,52145.63
2023-10-20,Producto A,3,15894.85
2023-08-13,Producto A,2,16835.74
2024-10-31,Producto D,10,92724.77
2023-04-01,Producto C,3,79018.32
2023-01-05,Producto D,8,97876.56
2024-10-15,Producto C,1,13505.43
2023-05-02,Producto B,1,13402.14
2024-08-11,Producto D,6,37685.49
2024-08-04,Producto C,9,92739.6
2024-04-09,Producto A,9,11749.13
2024-12-30,Producto B,9,62897.42
2024-02-20,Producto C,6,34083.66
2024-12-14,Producto A,6,53100.97
2023-07-04,Producto A,10,71225.83
2024-04-17,Producto C,10,82829.87
2024-05-09,Producto A,9,62230.08
2024-10-05,Producto C,4,76307.66
2024-12-16,Producto B,9,20790.85
2023-04-20,Producto A,3,42300.64
2023-06-30,Producto A,4,31604.42
2024-04-05,Producto C,1,41980.53
2023-12-18,Producto B,1,17101.97
2023-03-04,Producto D,1,54116.49
2023-11-01,Producto C,3,72595.47
2023-11-10,Producto A,5,42342.69
2023-03-21,Producto C,6,79028.78
2024-12-05,Producto D,6,82038.86
2023-04-11,Producto C,2,78780.03
2024-06-21,Producto D,6,91801.07
2023-07-07,Producto A,3,60207.74
2023-02-13,Producto B,10,38915.37
2024-02-11,Producto A,5,96794.04
2024-09-20,Producto A,5,92568.65
2024-11-26,Producto B,10,96917.37
2024-04-24,Producto A,4,5673.79
2023-07-04,Producto C,1,37039.05
2023-03-25,Producto D,3,45689.55
2024-02-11,Producto C,4,29054.67
2023-04-26,Producto D,3,27778.82
2023-10-19,Producto D,3,37417.22
2024-02-18,Producto D,4,70861.32
2023-01-31,Producto B,7,32225.02
2024-09-08,Producto A,4,88016.36
2024-06-06,Producto C,9,97907.32
2023-06-19,Producto C,10,42878.57
2024-10-10,Producto D,4,14816.48
2023-08-04,Producto D,7,57351.35
2023-11-01,Producto A,3,94780.03
2024-02-11,Producto C,7,84025.67
2023-11-27,Producto C,3,65313.49
2023-11-05,Producto A,4,46650.89
2024-11-19,Producto C,3,40346.88
2023-12-04,Producto A,4,80001.59
2023-02-17,Producto C,4,2834.59
2024-12-02,Producto B,7,31858.4
2024-07-05,Producto B,2,4713.98
2023-01-17,Producto D,5,84897.33
2023-10-03,Producto A,6,92653.52
2023-11-07,Producto D,10,85076.13
2024-12-01,Producto C,3,41925.77
2024-10-25,Producto B,5,60040.2
2024-10-02,Producto C,8,25800.2
2024-08-29,Producto A,6,59592.6
2024-06-26,Producto A,8,38433.19
2024-05-29,Producto D,1,53572.45
2023-06-18,Producto C,2,46922.87
2024-12-23,Producto D,6,67356.0
2024-06-18,Producto C,3,49549.6
2024-04-27,Producto A,7,32568.38
2024-02-06,Producto D,10,43347.67
2024-07-11,Producto A,4,2541.18
2023-02-06,Producto C,7,74051.7
2024-06-05,Producto D,8,34886.41
2024-10-16,Producto A,2,73769.86
2023-08-11,Producto D,2,40458.37
2024-01-09,Producto B,3,53734.46
2023-08-08,Producto C,3,66979.29
2023-05-24,Producto B,8,98414.03
2023-01-28,Producto D,5,54236.29
2023-10-07,Producto D,2,89447.23
2024-04-12,Producto C,3,3663.62
2024-01-04,Producto C,9,37037.99
2024-02-11,Producto A,1,75194.28
2023-01-23,Producto B,2,95662.52
2023-05-18,Producto C,2,88363.09
2024-04-22,Producto A,8,60323.62
2024-11-03,Producto B,3,81511.84
2024-04-05,Producto C,5,72648.04
2023-08-11,Producto B,3,39560.2
2024-04-21,Producto C,7,65942.91
2024-04-21,Producto D,6,96635.57
2024-09-21,Producto A,5,9601.59
2023-09-03,Producto C,2,51209.43
2023-09-18,Producto D,6,9245.31
2024-09-22,Producto B,1,99291.82
2023-02-09,Producto D,10,77824.72
2024-06-21,Producto C,2,44533.05
2024-05-09,Producto C,4,65721.77
2023-05-16,Producto A,4,53080.24
2023-05-13,Producto C,10,15139.4
2024-03-24,Producto B,4,15082.54
2023-08-17,Producto C,4,5579.53
2023-09-28,Producto A,8,69487.16
2024-06-02,Producto B,4,67052.33
2023-12-11,Producto A,5,19872.6
2023-05-19,Producto C,1,55680.62
2023-02-20,Producto C,8,7765.72
2023-08-21,Producto A,5,36772.33
2023-12-28,Producto C,1,22319.64
2023-10-10,Producto D,4,80644.4
2023-10-28,Producto B,4,84788.02
2023-09-20,Producto B,8,35689.42
2024-03-17,Producto B,4,20715.67
2023-05-10,Producto C,8,11849.5
2023-02-06,Producto B,5,88211.09
2023-07-11,Producto D,8,47568.84
2024-05-02,Producto B,5,89853.83
2024-07-05,Producto B,8,41239.91
2023-12-07,Producto C,4,99599.91
2024-04-16,Producto C,9,37916.75
2024-07-07,Producto D,10,26080.93
2024-05-16,Producto D,3,40999.34
2024-10-15,Producto C,3,27832.84
2024-11-03,Producto A,1,42659.16
2023-09-06,Producto C,6,57465.58
2024-12-12,Producto D,1,12332.57
2024-07-31,Producto D,7,37113.88
2024-05-31,Producto D,6,36142.86
2024-07-20,Producto C,6,46257.06
2023-08-29,Producto D,2,84276.94
2023-03-08,Producto D,1,91059.48
2023-10-11,Producto D,7,58366.23
2023-11-26,Producto B,4,45824.49
2023-02-02,Producto D,2,65252.21
2024-12-17,Producto A,8,38133.04
2023-02-16,Producto A,2,69873.24
2024-04-26,Producto C,3,18362.18
2024-11-29,Producto B,2,65529.92
2024-06-25,Producto B,2,69035.44
2023-03-09,Producto C,6,20084.37
2023-06-25,Producto C,8,78617.37
2023-04-14,Producto A,7,90240.72
2024-11-20,Producto C,1,89161.99
2023-04-14,Producto C,7,91801.92
2024-07-16,Producto D,3,13821.36
2024-12-24,Producto C,4,64077.58
2023-06-24,Producto D,6,48794.45
2024-11-11,Producto B,3,29533.04
2023-10-26,Producto A,5,83484.34
2023-04-30,Producto A,5,6547.38
2023-12-21,Producto D,3,45827.72
2024-05-31,Producto B,10,88124.03
2023-11-04,Producto B,9,30989.68
2023-04-21,Producto A,8,61851.72
2023-01-26,Producto C,8,71972.38
2024-10-29,Producto B,6,14173.5
2024-09-10,Producto B,3,83275.42
2023-11-16,Producto A,9,99840.71
2023-08-04,Producto B,4,5581.19
2024-10-26,Producto D,2,91198.12
2024-06-29,Producto C,6,49013.17
2023-03-21,Producto C,3,85325.85
2023-10-11,Producto C,1,2444.66
2024-05-19,Producto C,10,41845.28
2023-09-10,Producto C,8,13064.6
2024-08-06,Producto A,2,81992.46
2024-12-09,Producto C,6,79383.35
2023-03-05,Producto C,10,61451.98
2023-12-12,Producto A,2,44840.0
2024-05-01,Producto B,10,43128.8
2024-07-20,Producto A,3,64058.27
2023-08-22,Producto C,5,19932.72
2023-07-30,Producto C,5,13466.2
2024-12-07,Producto C,4,7326.33
2023-09-23,Producto D,4,35492.19
2023-11-14,Producto D,2,66961.41
2024-05-29,Producto A,8,9343.19
2023-08-31,Producto C,8,23634.13
2024-02-12,Producto C,8,65699.38
2024-06-29,Producto A,3,77762.34
2023-05-05,Producto B,6,74694.37
2023-11-07,Producto C,8,69994.03
2024-07-21,Producto C,8,44623.46
2023-06-24,Producto D,4,29905.97
2024-07-16,Producto B,5,12551.98
2024-04-10,Producto B,6,33156.8
2024-01-21,Producto C,1,90944.14
2023-10-24,Producto C,2,79577.7
2023-04-11,Producto A,4,88315.52
2023-12-20,Producto C,10,85320.38
2023-06-25,Producto D,8,43485.38
2023-05-10,Producto A,5,53257.72
2024-01-25,Producto B,7,48654.36
2023-08-31,Producto B,3,25013.66
2024-11-19,Producto B,8,76729.18
2023-07-16,Producto A,6,99944.65
2024-12-30,Producto D,10,42634.08
2023-03-24,Producto B,2,20016.2
2024-01-08,Producto A,2,46093.66
2023-03-21,Producto C,4,83057.15
2023-05-26,Producto D,8,12761.37
2023-09-07,Producto B,3,5290.21
2024-10-28,Producto A,4,24775.28
2024-02-06,Producto C,5,37588.79
2023-04-14,Producto D,4,2653.22
2023-08-17,Producto D,7,22509.46
2024-04-30,Producto A,8,64893.46
2023-07-06,Producto C,7,80408.85
2023-05-10,Producto B,7,97054.89
2023-12-17,Producto A,3,67291.76
2024-05-27,Producto B,4,29259.51
2023-01-24,Producto B,6,66389.81
2023-08-16,Producto B,3,84534.79
2024-06-08,Producto C,5,73072.48
2023-12-09,Producto D,1,92127.32
2023-06-26,Producto C,9,47201.8
2023-02-14,Producto C,2,3131.25
2023-07-05,Producto B,10,63186.72
2023-04-20,Producto D,9,51782.95
2023-05-19,Producto A,5,64284.93
2024-10-24,Producto D,5,39313.42
2023-01-31,Producto A,8,15865.05
2024-04-22,Producto A,8,77546.67
2023-01-07,Producto B,3,92011.82
2024-12-24,Producto C,8,15483.4
2023-04-06,Producto D,6,34088.84
2024-07-05,Producto C,3,44899.63
2024-06-08,Producto B,3,11698.39
2023-08-16,Producto D,5,59446.25
2023-07-24,Producto D,7,65232.0
2024-06-27,Producto A,6,10536.17
2024-03-08,Producto C,6,2324.66
2024-12-01,Producto D,10,63415.19
2024-11-01,Producto D,8,19421.6
2024-01-13,Producto C,9,75043.6
2023-11-19,Producto A,3,65744.27
2023-07-28,Producto C,9,1049.17
2023-10-06,Producto C,4,59087.22
2023-06-17,Producto A,3,37017.95
2024-10-31,Producto A,8,24234.61
2024-06-29,Producto C,7,16213.66
2023-06-18,Producto A,6,25655.48
2023-04-24,Producto C,9,13432.15
2024-08-14,Producto D,8,77651.39
2024-02-14,Producto B,1,94433.17
2023-05-14,Producto D,5,10062.61
2023-08-04,Producto C,10,27675.15
2024-05-19,Producto B,8,72533.03
2024-12-26,Producto C,8,5068.37
2023-11-04,Producto D,1,42238.9
2024-08-31,Producto C,2,15275.11
2024-07-13,Producto A,5,43625.11
2024-01-22,Producto D,3,76132.29
2024-02-13,Producto C,9,52351.49
2024-01-14,Producto D,5,61216.55
2023-08-27,Producto D,8,88462.02
2023-03-14,Producto A,9,80599.08
2024-06-29,Producto B,3,13704.77
2023-08-01,Producto A,4,11867.43
2024-03-18,Producto C,10,73741.62
2024-02-08,Producto D,9,81094.93
2023-06-25,Producto A,4,45038.33
2023-01-08,Producto B,3,92706.1
2023-06-26,Producto D,4,62024.32
2024-07-05,Producto A,7,44786.26
2024-07-09,Producto C,6,70718.63
2023-08-04,Producto D,6,62239.56
2024-02-18,Producto A,3,37109.25
2024-04-15,Producto C,6,51353.93
2023-09-11,Producto C,4,95312.69
2024-02-16,Producto D,4,35324.73
2024-10-09,Producto A,2,27262.02
2023-04-26,Producto B,10,16573.23
2023-02-20,Producto B,10,66488.45
2023-11-01,Producto A,9,75798.66
2024-09-08,Producto B,3,31851.85
2024-05-01,Producto C,5,28357.88
2024-11-16,Producto B,7,73351.59
2023-08-02,Producto D,2,56287.72
2023-10-24,Producto A,2,86623.85
2023-06-28,Producto A,9,80460.42
2024-01-21,Producto A,6,65172.87
2023-11-11,Producto D,5,32454.53
2023-10-12,Producto A,3,38458.96
2023-11-27,Producto A,4,85858.71
2023-02-21,Producto D,8,4527.43
2023-04-06,Producto A,8,35713.31
2023-08-01,Producto D,8,26722.32
2024-12-10,Producto A,3,87814.86
2023-04-06,Producto B,8,84957.6
2023-02-13,Producto D,7,29666.78
2024-04-25,Producto A,4,21222.62
2023-05-09,Producto B,5,47130.08
2023-05-07,Producto A,4,38931.51
2023-06-03,Producto C,6,17083.29
2024-06-28,Producto D,3,44054.66
2023-07-18,Producto D,2,41316.46
2024-09-22,Producto B,2,42951.85
2024-12-11,Producto D,5,91181.98
2023-08-10,Producto B,2,72714.41
2024-01-18,Producto A,9,5552.51
2024-06-30,Producto D,4,65137.64
2023-11-24,Producto C,1,9989.29
2024-09-16,Producto B,7,77097.8
2024-05-06,Producto C,10,92821.61
2023-07-02,Producto D,3,90946.6
2024-09-27,Producto B,10,69910.31
2023-07-08,Producto A,10,18690.78
2023-02-26,Producto D,5,94176.65
2024-01-28,Producto A,7,80348.83
2023-09-18,Producto A,10,12504.66
2023-08-03,Producto C,2,4005.84
2023-09-24,Producto C,4,31809.61
2024-04-20,Producto A,4,86220.8
2023-01-30,Producto D,2,66112.91
2023-11-28,Producto B,2,28294.98
2023-06-21,Producto C,3,31858.31
2023-03-25,Producto D,2,14529.31
2023-10-31,Producto B,10,56738.4
2024-02-14,Producto B,3,88616.85
2023-10-29,Producto D,2,57523.98
2024-02-26,Producto C,5,12783.65
2023-02-21,Producto D,4,4218.16
2023-03-19,Producto D,10,54075.61
2024-02-01,Producto A,3,36814.71
2023-02-13,Producto B,4,92161.1
2024-08-27,Producto D,7,78509.74
2023-08-21,Producto C,3,16492.48
2023-10-08,Producto C,7,67677.28
2023-10-05,Producto C,9,28282.63
2023-04-16,Producto A,3,57824.89
2023-07-28,Producto D,6,21775.61
2023-10-24,Producto A,6,41472.41
2023-02-02,Producto C,3,30708.28
2023-10-30,Producto C,6,47915.29
2024-03-29,Producto B,3,70628.06
2023-02-02,Producto C,2,20754.98
2024-02-08,Producto B,10,88224.05
2023-08-20,Producto B,5,50345.97
2024-11-19,Producto B,5,27753.51
2024-10-10,Producto A,4,8318.78
2024-04-11,Producto C,1,37316.82
2024-03-17,Producto B,2,71500.25
2023-08-10,Producto C,5,94443.29
2024-11-23,Producto B,9,46747.7
2024-12-06,Producto C,5,95320.24
2024-04-13,Producto C,4,54842.27
2024-12-22,Producto D,6,36497.24
2023-07-27,Producto A,10,95015.03
2024-04-07,Producto D,8,41497.59
2023-01-28,Producto A,2,15166.08
2023-01-10,Producto D,6,62728.38
2023-11-22,Producto C,8,59782.01
2024-11-20,Producto C,6,12373.77
2024-05-01,Producto C,2,8440.46
2024-05-22,Producto D,2,16587.22
2023-11-30,Producto C,8,39669.58
2024-03-09,Producto C,8,74036.44
2024-10-10,Producto A,1,7354.37
2024-08-03,Producto A,5,9977.13
2023-03-16,Producto D,8,32726.61
2024-04-06,Producto C,2,58117.91
2024-12-26,Producto C,5,32335.04
2023-07-07,Producto C,7,29336.14
2023-07-12,Producto C,2,31225.65
2024-07-31,Producto A,10,1282.54
2024-02-06,Producto C,7,92756.13
2024-09-11,Producto C,4,4713.67
2024-07-14,Producto C,3,54431.65
2023-10-17,Producto A,8,49399.27
2023-09-10,Producto A,10,51520.19
2023-03-08,Producto D,6,4800.9
2024-11-01,Producto C,10,50223.59
2023-11-04,Producto A,8,77111.58
2023-06-10,Producto C,7,93829.39
2024-05-15,Producto C,7,51852.04
2023-02-21,Producto B,4,21820.02
2024-11-19,Producto A,7,33337.3
2024-04-21,Producto B,6,66211.86
2023-07-07,Producto A,9,15602.37
2024-02-21,Producto D,9,7668.28
2024-11-14,Producto C,4,54622.2
2023-09-08,Producto C,4,8777.72
2023-11-05,Producto B,1,53408.54
2024-05-14,Producto C,5,50606.75
2023-02-16,Producto C,6,29382.18
2024-08-01,Producto D,1,60108.68
2023-09-09,Producto A,1,42267.29
2023-09-09,Producto C,9,62741.13
2024-07-16,Producto D,1,57067.16
2024-08-23,Producto A,2,28785.88
2024-06-11,Producto B,2,24087.29
2023-04-30,Producto A,10,62615.95
2024-06-16,Producto D,8,74347.68
2023-01-07,Producto D,7,68813.15
2024-10-07,Producto C,7,4229.55
2024-08-31,Producto C,4,45458.94
2023-07-18,Producto A,10,87068.82
2024-11-25,Producto A,7,63126.26
2023-09-17,Producto D,2,67329.61
2023-03-30,Producto B,5,7282.54
2024-05-10,Producto A,9,41147.37
2024-07-05,Producto D,8,99686.29
2023-01-01,Producto D,7,27387.7
2024-06-04,Producto D,9,97321.5
2023-06-13,Producto B,7,72556.82
2024-07-17,Producto B,2,85809.87
2023-08-26,Producto A,6,84655.4
2023-07-12,Producto B,1,26708.48
2023-06-26,Producto C,5,20137.51
2024-12-01,Producto A,1,62917.82
2023-06-21,Producto D,3,68486.92
2023-12-21,Producto B,6,34157.09
2023-10-05,Producto D,2,26939.36
2024-01-02,Producto A,3,52666.94
2023-10-14,Producto D,10,58472.83
2024-05-03,Producto B,4,62782.63
2023-12-05,Producto A,9,10367.3
2023-05-29,Producto A,9,61201.23
2024-03-16,Producto C,6,69174.92
2024-08-01,Producto A,10,63753.95
2024-07-29,Producto A,7,39548.46
2024-05-15,Producto B,9,88015.78
2024-07-27,Producto A,3,1845.94
2024-01-07,Producto C,4,53512.49
2023-06-25,Producto A,5,87354.33
2024-09-10,Producto D,2,70336.19
2023-08-29,Producto A,7,1148.05
2024-06-08,Producto A,6,29206.76
2024-08-30,Producto A,6,23011.47
2024-07-01,Producto D,2,59358.98
2023-05-01,Producto A,9,61005.48
2023-11-27,Producto B,10,76457.51
2024-11-13,Producto C,10,65687.69
2024-09-01,Producto D,3,81775.73
2024-01-24,Producto C,5,39145.55
2023-09-07,Producto B,7,13479.28
2024-10-18,Producto B,2,33461.31
2024-05-01,Producto B,6,31891.24
2023-11-19,Producto A,8,69608.36
2023-10-29,Producto B,1,77831.35
2024-11-23,Producto B,7,4237.93
2023-03-05,Producto D,8,9722.24
2023-10-05,Producto D,8,5386.05
2023-01-21,Producto B,3,87304.88
2023-02-14,Producto C,9,63638.2
2023-02-26,Producto D,5,15238.56
2024-10-01,Producto C,4,14039.97
2024-01-06,Producto B,9,70852.5
2023-12-18,Producto A,4,35284.78
2024-10-11,Producto C,5,16595.92
2023-01-22,Producto B,8,34987.57
2023-01-25,Producto B,7,14465.79
2023-11-09,Producto D,6,27218.1
2024-04-06,Producto B,1,74217.6
2024-09-04,Producto B,6,43173.72
2024-09-20,Producto D,7,20344.35
2023-01-12,Producto B,5,36051.26
2024-10-15,Producto A,6,39671.55
2024-12-24,Producto B,6,35839.72
2024-10-14,Producto C,7,17786.82
2024-05-22,Producto A,6,55882.77
2024-12-23,Producto C,9,94831.95
2023-03-14,Producto B,7,93629.33
2024-01-21,Producto B,8,78371.51
2024-06-30,Producto B,8,11936.37
2024-09-24,Producto C,3,10114.66
2024-05-01,Producto A,10,70921.9
2024-10-18,Producto B,6,3296.28
2023-01-01,Producto B,5,73100.9
2023-06-03,Producto C,7,69566.16
2023-02-06,Producto B,4,3982.01
2024-05-18,Producto C,8,3523.5
2023-04-13,Producto C,2,3761.57
2024-07-24,Producto A,3,89781.94
2024-06-20,Producto D,10,60929.01
2024-08-02,Producto C,4,79375.15
2024-01-06,Producto D,3,74527.96
2024-04-04,Producto D,3,38087.09
2024-02-04,Producto C,1,17659.24
2023-10-19,Producto D,6,27482.08
2024-05-12,Producto C,2,92492.27
2024-10-02,Producto D,4,15474.35
2024-09-30,Producto C,8,23834.54
2023-10-03,Producto A,8,37444.29
2024-09-30,Producto C,6,53355.59
2024-01-02,Producto A,7,39940.95
2023-02-14,Producto A,8,80345.24
2024-04-21,Producto B,9,8557.81
2024-06-20,Producto C,8,17016.29
2023-07-11,Producto B,10,63571.8
2023-08-31,Producto A,4,35946.35
2024-01-19,Producto A,3,83274.21
2023-05-18,Producto D,2,64827.91
2023-06-15,Producto C,4,85446.74
2023-02-15,Producto B,7,27818.16
2024-05-12,Producto A,5,31072.73
2023-02-28,Producto D,10,99286.61
2023-11-23,Producto A,2,77297.57
2023-10-03,Producto C,2,28913.44
2023-01-16,Producto B,1,66603.39
2024-06-06,Producto A,1,43214.73
2023-06-12,Producto D,10,66004.66
2023-07-06,Producto B,1,29840.21
2024-04-28,Producto A,5,65270.03
2023-05-21,Producto D,8,28696.49
2023-02-19,Producto B,3,96219.67
2024-01-22,Producto D,8,97544.54
2023-11-07,Producto B,5,58336.26
2023-02-10,Producto B,6,52569.41
2023-03-21,Producto B,1,73934.88
2023-03-17,Producto A,2,12059.97
2024-08-04,Producto D,9,21467.23
2023-07-06,Producto A,3,80262.96
2023-10-03,Producto B,6,9452.63
2024-07-23,Producto B,1,37138.81
2023-05-21,Producto A,5,38409.96
2024-03-13,Producto B,8,22107.8
2023-01-24,Producto B,8,34302.62
2023-11-30,Producto C,10,36581.67
2023-08-24,Producto A,10,19768.86
2023-03-25,Producto A,8,68667.14
2024-11-10,Producto D,3,47726.17
2023-06-27,Producto D,8,23614.65
2024-11-15,Producto B,6,37845.97
2024-02-24,Producto A,8,74028.84
2023-04-18,Producto C,5,79485.84
2023-10-12,Producto A,7,46785.63
2023-05-07,Producto D,4,53430.17
2024-06-15,Producto B,6,86837.84
2023-10-04,Producto D,10,2091.99
2023-06-21,Producto A,8,81955.25
2024-12-25,Producto D,9,16089.24
2023-04-10,Producto A,5,16293.43
2023-10-07,Producto A,9,40175.18
2023-10-15,Producto B,3,97390.42
2024-10-11,Producto A,4,90027.31
2023-12-27,Producto B,3,76403.8
2023-05-15,Producto C,5,86406.28
2024-07-17,Producto A,7,26629.96
2024-12-06,Producto D,10,72965.34
2023-03-21,Producto A,6,9482.14
2024-07-24,Producto B,8,96934.88
2024-10-31,Producto D,1,62007.97
2024-10-31,Producto C,5,15408.18
2024-05-12,Producto B,1,32277.53
2023-12-08,Producto A,8,37481.95
2023-07-02,Producto C,8,38654.55
2024-04-15,Producto C,8,86226.77
2023-01-27,Producto B,6,67126.57
2023-12-05,Producto B,9,64488.15
2024-09-28,Producto D,5,84868.8
2023-10-26,Producto A,3,30400.26
2024-07-15,Producto D,5,17037.58
2023-01-28,Producto C,5,67005.43
2023-05-30,Producto A,6,37825.9
2024-11-30,Producto C,5,1067.8
2024-03-23,Producto B,6,66839.43
2023-11-25,Producto A,1,61295.37
2024-08-02,Producto A,2,14806.44
2023-06-24,Producto A,9,49700.16
2024-11-07,Producto D,2,7868.55
2024-04-14,Producto D,7,93987.62
2023-12-08,Producto B,4,66941.05
2024-05-04,Producto C,10,39056.09
2023-11-15,Producto C,3,40688.98
2024-11-13,Producto B,3,78406.32
2023-05-04,Producto C,8,82988.6
2024-10-01,Producto D,6,5111.84
2024-04-23,Producto C,1,61799.94
2023-08-28,Producto B,6,26898.25
2023-07-05,Producto B,10,71825.99
2023-01-06,Producto C,9,55285.94
2023-10-29,Producto B,3,65062.93
2023-10-28,Producto C,1,22501.73
2023-08-06,Producto D,4,42760.68
2024-11-08,Producto B,8,76288.85
2023-03-25,Producto B,5,77958.86
2023-11-15,Producto D,7,72221.12
2024-10-24,Producto A,8,67816.4
2023-03-22,Producto D,4,59246.69
2023-03-11,Producto A,4,20895.88
2024-02-16,Producto D,8,63514.74
2023-07-23,Producto D,9,36165.58
2023-08-11,Producto D,8,88240.73
2024-01-24,Producto B,5,46079.36
2024-05-17,Producto C,5,23902.56
2024-05-12,Producto D,7,7749.57
2023-01-25,Producto B,5,96879.92
2023-09-09,Producto B,5,94487.18
2023-03-22,Producto C,9,3367.7
2024-05-04,Producto C,1,39790.8
2024-06-27,Producto D,7,64053.16
2024-07-01,Producto A,1,81303.3
2023-06-05,Producto A,5,76438.56
2024-08-14,Producto C,6,24420.06
2024-08-05,Producto C,5,77885.22
2023-02-28,Producto D,7,17484.6
2024-08-19,Producto A,1,14358.34
2023-07-23,Producto C,1,96526.93
2023-01-27,Producto D,10,21807.72
2023-03-21,Producto D,6,67333.39
2024-12-29,Producto B,6,51281.4
2024-03-17,Producto C,8,88087.41
2023-10-17,Producto A,5,89025.08
2024-11-26,Producto B,10,37069.92
2024-01-26,Producto A,3,83945.67
2023-07-29,Producto C,8,11409.83
2024-12-13,Producto D,2,46796.9
2023-12-27,Producto A,5,80474.31
2024-12-26,Producto C,4,43548.84
2023-01-24,Producto B,9,64256.5
2023-02-23,Producto D,10,62525.87
2024-03-30,Producto A,10,37333.15
2023-11-06,Producto A,10,47190.83
2023-08-28,Producto A,8,96209.24
2024-12-16,Producto A,3,8801.05
2024-11-29,Producto C,9,16048.72
2024-07-30,Producto D,4,19831.65
2023-06-27,Producto D,9,19461.74
2023-09-24,Producto A,10,94863.91
2023-11-02,Producto A,2,16594.16
2023-04-21,Producto C,5,57131.57
2023-05-22,Producto B,1,91136.47
2023-04-15,Producto C,8,7871.26
2023-11-13,Producto C,8,78018.51
2024-04-01,Producto D,7,38072.39
2024-11-09,Producto B,9,47790.94
2024-02-25,Producto C,1,88285.78
2024-01-09,Producto B,10,4546.8
2024-01-31,Producto B,8,83534.86
2023-11-11,Producto B,6,47421.92
2024-11-27,Producto A,6,32010.75
2024-11-09,Producto C,10,51769.57
2024-08-09,Producto C,1,85634.51
2023-05-09,Producto D,3,63327.96
2024-01-12,Producto B,4,2078.59
2024-11-19,Producto A,6,34087.6
2024-05-19,Producto D,6,5058.23
2024-05-07,Producto C,6,50408.37
2024-07-02,Producto A,10,37551.76
2023-03-13,Producto D,9,98664.58
2023-10-18,Producto B,9,76729.09
2023-10-05,Producto C,9,9365.13
2023-06-23,Producto C,10,52914.35
2023-08-28,Producto A,6,80267.05
2023-07-03,Producto C,6,75556.87
2024-04-10,Producto D,4,50695.6
2024-04-24,Producto A,1,76090.05
2024-02-29,Producto C,4,87177.97
2024-08-22,Producto D,6,2439.78
2024-07-02,Producto B,4,30146.44
2023-10-02,Producto B,4,21789.34
2024-10-27,Producto D,4,80519.66
2024-05-14,Producto B,10,58033.67
2024-10-06,Producto D,2,5063.8
2023-10-26,Producto C,9,14642.78
2024-09-16,Producto B,8,26544.21
2023-08-08,Producto A,10,43397.44
2023-03-06,Producto A,1,90815.73
2023-12-28,Producto C,1,43545.19
2023-12-15,Producto A,1,92987.96
2024-08-11,Producto B,2,64455.16
2023-11-09,Producto D,6,36652.17
2023-03-28,Producto B,3,66873.48
2024-07-09,Producto A,9,65706.46
2023-04-21,Producto B,6,25693.25
2023-03-05,Producto D,2,32839.92
2023-10-25,Producto C,6,80566.61
2024-08-10,Producto C,3,49191.14
2023-09-22,Producto B,5,70120.46
2024-08-31,Producto C,6,97007.03
2024-12-18,Producto A,1,5356.39
2024-08-11,Producto D,8,29294.74
2023-02-05,Producto C,5,82062.23
2023-11-23,Producto C,10,18205.4
2023-12-25,Producto D,5,49318.83
2023-08-23,Producto C,5,38200.26
2023-11-09,Producto B,9,21777.3
2024-11-02,Producto A,4,80691.16
2024-04-16,Producto D,2,49738.78
2024-02-05,Producto B,2,37709.27
2024-09-06,Producto C,10,40320.28
2023-01-26,Producto D,6,15613.69
2023-04-19,Producto C,2,22042.57
2023-10-20,Producto B,2,33939.92
2024-10-05,Producto D,10,90212.63
2024-06-13,Producto B,4,69532.16
2023-09-10,Producto B,10,81101.23
2023-12-04,Producto A,8,89582.58
2024-08-25,Producto A,7,64252.21
2023-04-26,Producto B,5,22525.48
2024-07-21,Producto C,2,47176.08
2023-07-25,Producto A,7,25716.84
2024-04-28,Producto B,10,33729.25
2023-09-15,Producto C,5,27415.24
2023-11-18,Producto B,9,36617.29
2023-01-30,Producto A,1,98351.58
2023-07-12,Producto A,8,42150.91
2024-11-30,Producto A,6,83571.57
2023-08-26,Producto D,8,83971.45
2024-08-14,Producto C,9,28099.26
2024-10-02,Producto D,5,54199.33
2024-11-28,Producto A,4,35924.42
2023-03-10,Producto B,10,33753.37
2023-07-07,Producto D,1,46029.41
2024-03-25,Producto D,9,79198.93
2024-10-27,Producto A,2,23552.33
2024-03-15,Producto A,7,82978.26
2023-07-02,Producto C,2,59522.67
2023-04-11,Producto C,4,9183.07
2024-01-25,Producto C,1,99805.21
2023-03-02,Producto D,7,77784.03
2024-08-26,Producto D,10,14709.83
2023-09-20,Producto C,1,10567.5
2023-05-29,Producto A,2,96132.8
2024-03-04,Producto C,3,75858.67
2024-02-29,Producto D,8,47785.54
2024-03-29,Producto A,3,71720.69
2023-10-18,Producto A,10,20088.59
2024-10-17,Producto A,5,41924.14
2024-12-26,Producto D,2,25461.94
2023-02-28,Producto D,2,2693.55
2024-08-19,Producto A,7,81531.71
2024-11-27,Producto A,3,69485.98
2023-01-05,Producto B,3,85293.39
2024-06-25,Producto D,2,51519.56
2024-03-07,Producto A,9,54684.78
2024-12-06,Producto C,2,81583.72
2023-02-14,Producto D,1,33484.41
2023-03-09,Producto D,3,17196.58
2024-02-16,Producto D,9,94992.81
2023-09-25,Producto C,6,60231.89
2024-11-22,Producto A,6,54620.47
2024-07-17,Producto B,5,47599.42
2024-05-03,Producto A,10,34494.14
2024-10-26,Producto B,9,28534.17
2023-12-10,Producto B,6,51091.03
2023-12-31,Producto D,1,61930.77
2023-07-03,Producto A,7,57867.96
2024-04-27,Producto C,2,17163.98
2023-07-15,Producto B,2,70034.86
2024-01-19,Producto C,6,84496.39
2023-01-15,Producto A,1,27144.42
2023-01-01,Producto B,2,60615.23
2024-02-21,Producto B,7,43273.39
2023-02-11,Producto D,10,72284.04
2024-02-05,Producto A,2,83124.4
2023-07-27,Producto A,2,69496.17
2024-11-27,Producto A,10,31353.54
2024-02-06,Producto B,2,58134.69
2023-11-28,Producto D,4,43757.08
2023-06-01,Producto D,5,59975.68
2023-11-13,Producto C,9,11080.66
2023-11-16,Producto B,9,66378.98
2024-11-23,Producto A,6,16228.69
2023-07-03,Producto C,6,49094.65
2024-06-01,Producto A,8,48883.64
2023-11-18,Producto B,1,45506.62
2024-11-08,Producto A,3,43687.96
2024-08-04,Producto A,5,54799.42
2023-10-09,Producto B,2,79230.96
2024-05-13,Producto B,5,76168.85
2024-05-05,Producto C,7,57383.32
2024-07-02,Producto B,5,60196.64
2024-08-12,Producto A,5,95635.85
2024-08-01,Producto A,10,56425.32
2023-05-10,Producto D,4,12055.16
2023-10-06,Producto A,2,88150.44
2023-12-13,Producto A,3,56621.04
2024-11-12,Producto C,4,89163.06
2024-06-28,Producto D,9,65143.5
2023-07-14,Producto C,5,44923.22
2024-07-10,Producto D,8,44066.48
2023-07-17,Producto B,8,41619.87
2023-08-15,Producto D,9,23749.64
2023-04-02,Producto C,2,34332.26
2023-07-24,Producto C,5,72686.64
2023-08-06,Producto A,10,29322.6
2024-08-02,Producto D,7,33995.69
2024-05-11,Producto C,2,5416.29
2024-12-09,Producto B,5,54261.81
2024-06-12,Producto C,9,91094.42
2024-09-07,Producto B,1,32239.37
2024-03-27,Producto A,9,6568.31
2024-08-09,Producto C,5,94422.8
2024-07-11,Producto D,10,15492.55
2024-06-28,Producto A,8,83325.01
2023-10-12,Producto C,2,26986.96
2023-12-25,Producto A,8,50447.54
2024-12-29,Producto D,6,36046.22
2024-10-17,Producto A,9,35311.87
2024-05-19,Producto B,5,20720.29
2023-09-28,Producto D,10,12377.53
2023-12-04,Producto D,4,80847.21
2023-08-07,Producto D,7,85573.39
2024-10-26,Producto B,8,44778.19
2024-02-26,Producto B,9,54946.63
2024-05-12,Producto C,6,9109.66
2023-04-19,Producto A,1,76102.91
2024-07-15,Producto D,3,43053.41
2024-09-06,Producto A,9,12007.11
2023-10-17,Producto D,9,65210.71
2024-10-05,Producto A,1,49711.7
2024-10-25,Producto A,2,3339.56
2024-11-09,Producto D,2,93217.43
2023-04-08,Producto B,5,23543.49
2023-05-15,Producto A,5,75172.19
2023-06-28,Producto C,4,90869.49
2024-10-23,Producto A,1,96739.79
2023-09-16,Producto C,5,6875.41
2024-06-20,Producto D,9,16022.31
2024-06-08,Producto C,2,46499.12
2023-08-13,Producto B,6,47170.83
2023-11-15,Producto D,2,6698.99
2024-11-05,Producto C,8,57301.73
2023-04-15,Producto C,6,99102.93
2023-10-24,Producto C,1,55970.55
2023-02-23,Producto C,4,20681.37
2024-08-05,Producto C,7,79202.83
2023-12-27,Producto C,8,61770.32
2024-12-12,Producto B,10,16014.67
2024-05-04,Producto B,4,93369.2
2023-05-30,Producto C,8,65118.31
2024-12-06,Producto D,8,88331.3
2023-12-08,Producto C,1,62798.69
2024-08-26,Producto D,6,37355.71
2023-02-27,Producto C,4,33131.78
2024-03-13,Producto B,1,48620.82
2023-09-09,Producto B,1,56490.69
2023-02-27,Producto B,3,44525.16
2024-08-06,Producto B,7,3409.99
2023-07-17,Producto D,6,95963.0
2024-09-10,Producto C,6,50753.72
2024-06-04,Producto D,6,88629.29
2024-04-10,Producto D,1,98629.55
2024-05-25,Producto A,5,38830.7
2024-10-19,Producto A,1,33786.41
2024-07-30,Producto A,2,94651.47
2024-10-17,Producto D,10,87125.03
2024-03-25,Producto A,9,8634.48
2023-04-10,Producto C,9,71786.96
2024-01-08,Producto C,5,50252.23
2024-08-13,Producto D,4,55458.66
2023-08-16,Producto B,2,21661.87
2023-05-03,Producto A,4,9495.28
2024-09-27,Producto A,7,78843.84
2024-12-24,Producto C,4,3716.98
2024-05-03,Producto C,4,24765.88
2023-09-11,Producto C,9,79077.23
2023-11-18,Producto D,5,89480.82
2024-05-22,Producto C,8,22616.64
2024-06-25,Producto C,8,37461.3
2023-07-26,Producto A,3,15011.29
2023-10-15,Producto D,4,6141.71
2024-09-19,Producto C,6,67922.49
2023-08-04,Producto A,7,88134.45
2023-08-27,Producto B,5,33561.02
2024-11-27,Producto A,7,62855.83
2023-05-07,Producto D,3,46335.06
2023-05-13,Producto D,4,46576.64
2024-05-22,Producto D,1,30663.71
2023-10-21,Producto B,3,98694.2
2023-05-23,Producto C,1,29771.55
2024-07-30,Producto B,9,40836.05
2024-06-29,Producto A,3,14809.99
2024-08-18,Producto B,3,17237.77
2023-03-13,Producto A,3,5029.1
2023-05-11,Producto A,4,98759.84
2024-11-04,Producto C,9,74814.6
2024-08-31,Producto B,10,92069.82
2024-05-29,Producto B,10,6159.36
2023-12-07,Producto D,1,83368.7
2023-04-28,Producto C,5,64753.43
2024-02-09,Producto D,6,13867.68
2024-10-24,Producto C,7,38438.53
2024-08-16,Producto C,8,92026.79
2024-10-15,Producto B,10,38971.23
2023-08-31,Producto B,2,34371.07
2024-10-10,Producto B,7,18154.06
2023-03-19,Producto B,5,66895.47
2023-07-03,Producto A,6,69415.19
2023-02-07,Producto A,3,34749.85
2023-09-05,Producto A,2,58170.01
2024-05-19,Producto D,4,78220.64
2023-12-11,Producto B,9,16687.37
2024-03-22,Producto B,3,19273.31
2024-08-09,Producto A,3,5912.28
2023-05-18,Producto B,2,66473.74
2023-10-08,Producto A,6,32175.52
2024-03-27,Producto B,1,25416.14
2023-01-16,Producto A,7,66467.37
2023-02-08,Producto D,3,47163.08
2024-08-25,Producto D,2,5974.58
2024-06-18,Producto A,3,67114.45
2024-03-11,Producto B,10,38168.71
2024-08-13,Producto D,6,3330.78
2024-06-21,Producto C,2,98710.97
2024-07-10,Producto A,9,23662.88
2024-09-23,Producto D,6,45128.16
2023-01-02,Producto D,2,98878.34
2024-04-04,Producto A,4,15242.43
2023-03-03,Producto A,7,61179.44
2023-11-17,Producto D,10,13533.85
2023-10-03,Producto A,5,41801.99
2024-08-05,Producto C,4,79329.66
2023-08-14,Producto C,9,26220.19
2024-01-05,Producto B,7,46897.36
2023-01-07,Producto C,5,39447.56
2023-08-09,Producto B,8,57497.31
2024-11-28,Producto D,1,27498.61
2024-10-13,Producto C,6,75808.47
2024-07-17,Producto A,8,78441.16
2024-10-16,Producto A,7,99517.26
2023-05-18,Producto A,6,22419.62
2024-04-09,Producto B,9,30507.5
2023-02-22,Producto D,1,82316.23
2024-01-06,Producto C,1,3692.78
2024-04-26,Producto B,5,47837.05
2023-11-16,Producto B,2,28855.84
2024-12-23,Producto A,4,10759.57
2023-03-16,Producto C,5,62909.53
2024-05-06,Producto B,9,10058.92
2024-05-06,Producto B,1,64647.72
2024-09-28,Producto D,6,51681.12
2024-12-17,Producto B,4,8400.96
2024-11-15,Producto A,9,71369.21
2024-07-13,Producto A,1,96140.18
2024-09-28,Producto C,2,83970.56
2024-12-12,Producto A,2,83112.87
2023-05-03,Producto D,1,98471.47
2023-06-29,Producto A,1,81725.99
2024-03-06,Producto D,8,71657.15
2023-08-22,Producto B,5,11831.47
2024-06-27,Producto B,4,71530.39
2023-09-28,Producto D,9,70691.07
2024-06-30,Producto B,5,14449.67
2023-08-30,Producto D,2,52567.24
2024-07-07,Producto D,10,92184.21
2023-07-06,Producto B,10,39709.71
2023-01-04,Producto A,3,17048.01
2024-05-21,Producto B,5,90296.64
2024-08-30,Producto B,8,43079.07
2024-07-04,Producto A,1,21280.16
2023-08-25,Producto C,7,66202.11
2024-06-03,Producto A,6,42289.61
2024-08-07,Producto B,2,91566.05
2023-09-20,Producto A,1,53950.4
2024-10-15,Producto B,5,17995.6
2024-01-03,Producto D,8,12194.12
2024-07-25,Producto B,7,41841.43
2024-07-02,Producto B,4,85893.46
2024-10-27,Producto C,9,84563.15
2024-08-17,Producto C,3,28050.22
2024-10-11,Producto D,3,19392.96
2024-03-18,Producto C,5,50435.67
2024-08-13,Producto D,3,45613.01
2023-12-15,Producto C,4,38878.19
2023-07-31,Producto D,9,70989.6
2023-12-17,Producto B,3,66996.76
2024-12-01,Producto D,4,61081.36
2023-06-25,Producto C,7,45623.12
2024-04-04,Producto B,6,80932.8
2023-02-07,Producto A,3,6467.99
2023-09-28,Producto B,5,85111.95
2024-08-24,Producto A,5,19473.71
2024-12-25,Producto A,8,76554.59
2024-12-27,Producto C,5,6099.76
2023-03-19,Producto A,9,60219.15
2024-12-04,Producto B,5,2776.3
2023-05-11,Producto B,3,29182.62
2023-06-18,Producto D,9,26838.87
2023-08-03,Producto D,8,97512.97
2023-05-25,Producto D,4,11883.47
2024-07-05,Producto A,9,8788.05
2024-08-21,Producto C,1,80902.15
2023-11-17,Producto D,10,99413.67
2024-06-15,Producto C,9,81850.42
2024-12-28,Producto D,7,65932.78
2023-08-28,Producto A,8,85849.06
2024-08-19,Producto A,6,13940.11
2024-11-19,Producto B,1,24369.85
2023-09-28,Producto B,6,31589.7
2023-04-27,Producto A,4,2244.58
2024-08-12,Producto D,6,89131.29
2024-09-08,Producto C,9,19216.25
2023-10-08,Producto C,6,30164.39
2023-07-22,Producto D,10,5588.16
2024-02-11,Producto B,10,39047.36
2023-08-14,Producto D,3,16094.84
2023-01-22,Producto B,9,10505.42
2024-10-23,Producto D,3,6485.51
2024-03-25,Producto C,10,60631.72
2024-01-22,Producto A,8,99066.39
2023-06-04,Producto A,1,90121.19
2023-08-25,Producto D,6,73760.68
2024-06-20,Producto B,2,34174.62
2024-11-24,Producto A,9,95731.04
2023-06-22,Producto A,9,37944.81
2023-10-05,Producto C,10,36328.88
2023-05-29,Producto C,2,63441.86
2024-02-21,Producto D,4,80444.93
2023-06-18,Producto D,6,93074.72
2023-08-18,Producto C,4,86630.24
2024-10-16,Producto B,10,22402.05
2024-12-02,Producto C,6,54150.51
2023-01-10,Producto C,1,37974.67
2023-03-04,Producto B,10,75423.6
2024-04-02,Producto B,3,15044.84
2024-03-03,Producto B,2,45899.77
2024-02-19,Producto B,10,98598.97
2024-07-22,Producto C,6,9947.75
2023-02-25,Producto C,2,43225.17
2023-01-27,Producto A,1,76719.17
2023-11-08,Producto D,5,93697.53
2024-05-17,Producto B,1,47328.79
2024-11-25,Producto D,10,1490.04
2023-03-24,Producto C,3,86374.23
2023-05-29,Producto A,2,20366.53
2023-02-25,Producto D,1,98785.15
2023-08-12,Producto B,8,91036.3
2024-06-02,Producto C,2,24938.88
2024-09-10,Producto D,4,40363.01
2023-01-19,Producto A,1,19026.77
2024-11-06,Producto B,9,40792.04
2023-11-05,Producto A,3,3326.89
2024-02-21,Producto D,2,56489.81
2023-08-25,Producto A,9,73168.5
2024-07-13,Producto C,8,86659.58
2023-12-17,Producto B,10,97108.39
2023-05-29,Producto C,9,3370.26
2023-05-06,Producto B,3,67012.26
2024-11-13,Producto A,3,88131.13
2023-02-05,Producto A,6,46599.98
2024-10-11,Producto D,6,13524.24
2023-09-09,Producto D,4,38562.56
2023-01-26,Producto B,7,40880.45
2023-04-08,Producto A,9,23398.72
2024-10-04,Producto D,9,75456.96
2023-01-23,Producto B,10,26280.86
2023-12-16,Producto C,1,66127.25
2023-12-07,Producto A,8,28124.05
2024-05-27,Producto A,4,63480.81
2023-04-28,Producto D,10,25307.91
2024-07-13,Producto A,6,12064.4
2023-01-10,Producto C,2,83693.68
2024-03-24,Producto C,7,93110.77
2023-02-10,Producto C,3,45052.78
2023-02-04,Producto A,2,74566.07
2023-04-05,Producto B,3,46258.85
2024-05-22,Producto D,10,32125.89
2024-08-17,Producto A,4,15129.29
2024-01-13,Producto C,4,42104.58
2024-03-12,Producto D,3,59542.11
2023-04-01,Producto A,10,48376.19
2024-03-09,Producto B,9,98605.21
2023-07-05,Producto A,1,55076.9
2023-08-09,Producto C,10,59269.38
2024-06-07,Producto D,6,90288.29
2023-09-20,Producto A,10,24342.32
2023-10-11,Producto C,2,14000.21
2023-08-06,Producto D,2,54925.79
2024-08-16,Producto C,7,32862.37
2024-03-22,Producto D,5,45242.47
2024-12-07,Producto B,1,65850.31
2024-12-06,Producto B,3,32834.08
2023-04-08,Producto D,9,22314.06
2023-12-25,Producto C,5,27994.71
2024-06-05,Producto C,4,95505.44
2024-07-06,Producto D,3,15443.77
2024-05-12,Producto B,10,6457.58
2023-04-29,Producto D,5,61686.91
2023-07-26,Producto D,7,77031.47
2024-07-09,Producto B,9,32861.06
2024-06-10,Producto C,5,68619.86
2024-09-17,Producto A,4,50953.56
2023-10-14,Producto C,4,43094.46
2023-09-12,Producto A,4,14130.12
2024-12-18,Producto C,7,93521.43
2024-09-12,Producto B,4,80005.41
2023-01-21,Producto D,6,33432.46
2023-06-29,Producto A,4,28639.8
2024-06-19,Producto D,6,29328.38
2024-04-16,Producto C,9,4435.32
2023-11-11,Producto B,8,86415.55
2023-08-12,Producto B,6,75969.36
2023-10-14,Producto D,3,65939.5
2024-12-11,Producto A,7,7086.8
2023-01-31,Producto C,3,18303.74
2023-01-24,Producto B,4,17893.67
2023-12-18,Producto C,1,50920.99
2024-05-07,Producto A,4,32770.36
2023-07-21,Producto C,10,98165.86
2024-01-12,Producto A,3,35386.58
2023-05-10,Producto D,8,32839.76
2023-03-19,Producto B,5,8476.7
2023-09-21,Producto D,7,65404.43
2024-12-30,Producto B,8,92785.99
2023-04-10,Producto A,10,9689.42
2023-01-23,Producto C,2,77731.67
2024-06-03,Producto A,4,32751.46
2024-07-09,Producto C,5,99930.39
2023-07-10,Producto D,3,73467.17
2023-06-08,Producto A,9,46951.66
2023-12-27,Producto D,1,27437.62
2024-02-12,Producto D,6,5059.18
2023-04-12,Producto A,1,81144.98
2024-06-15,Producto A,8,74260.16
2024-06-26,Producto C,10,37687.07
2023-01-04,Producto C,9,91312.99
2023-03-06,Producto B,3,61964.74
2023-09-08,Producto A,5,84792.38
2023-11-06,Producto A,6,3420.14
2024-10-23,Producto A,7,20316.25
2023-01-30,Producto D,9,87435.4
2023-03-16,Producto C,2,41936.92
2024-08-13,Producto A,1,5160.58
2023-06-01,Producto C,9,4703.99
2023-07-25,Producto C,7,97367.95
2024-12-05,Producto A,3,33253.33
2024-09-14,Producto B,9,19071.48
2024-01-11,Producto B,7,92505.8
2024-10-01,Producto A,7,73914.81
2023-10-20,Producto C,2,65054.17
2024-03-15,Producto B,1,31115.77
2024-01-05,Producto D,9,91120.94
2024-05-08,Producto A,10,52889.36
2023-12-17,Producto B,1,35557.81
2023-06-17,Producto D,4,44426.19
2024-06-15,Producto A,9,15904.89
2024-04-11,Producto B,4,23065.78
2023-07-22,Producto A,2,22943.14
2024-04-08,Producto C,5,74933.01
2024-07-13,Producto D,10,71682.58
2023-02-08,Producto A,10,37592.18
2023-03-23,Producto C,10,49445.91
2023-04-26,Producto D,4,56962.81
2023-02-11,Producto D,2,53985.39
2024-02-27,Producto D,7,51314.43
2024-02-17,Producto A,8,25556.36
2024-10-10,Producto D,9,37001.64
2023-04-20,Producto B,1,34307.19
2023-11-30,Producto D,9,10815.6
2023-03-11,Producto B,6,64911.5
2024-09-29,Producto B,10,93022.6
2023-10-05,Producto B,6,52060.39
2023-11-29,Producto A,3,26205.31
2024-06-01,Producto D,4,5703.04
2023-01-31,Producto D,2,79090.77
2024-06-12,Producto D,7,17299.61
2023-08-03,Producto B,8,93224.32
2024-12-23,Producto B,5,42151.9
2024-05-19,Producto A,1,65847.83
2024-04-30,Producto C,9,38349.56
2024-05-03,Producto C,10,22827.71
2024-12-09,Producto C,10,21806.35
2024-06-29,Producto C,1,11660.9
2023-01-19,Producto B,7,12999.88
2023-09-11,Producto D,1,31045.56
2024-04-08,Producto D,8,87352.83
2024-05-13,Producto A,2,50171.82
2023-04-22,Producto A,7,63222.94
2023-01-06,Producto D,3,63873.64
2023-05-09,Producto A,10,29419.43
2024-02-25,Producto D,5,2734.87
2024-12-21,Producto D,4,40100.21
2024-04-05,Producto C,9,59867.03
2024-09-07,Producto C,3,96961.43
2024-01-20,Producto C,1,97817.48
2024-06-23,Producto A,10,53348.18
2024-12-25,Producto D,2,68494.32
2024-04-01,Producto D,6,93596.87
2024-06-01,Producto D,6,22699.81
2023-11-06,Producto C,5,90839.21
2023-10-16,Producto C,1,50332.37
2023-11-21,Producto D,8,24805.77
2023-07-09,Producto D,6,33953.94
2023-09-14,Producto B,10,65068.76
2024-09-30,Producto B,9,54057.75
2023-02-21,Producto C,10,96104.17
2024-05-16,Producto B,4,27642.26
2023-05-23,Producto C,4,68099.46
2024-08-31,Producto B,10,56472.94
2023-11-16,Producto D,6,3780.2
2023-12-29,Producto B,9,27831.55
2024-02-10,Producto C,10,81560.76
2024-08-12,Producto C,6,53983.58
2024-08-08,Producto D,2,25454.78
2024-09-03,Producto A,8,32232.56
2024-09-30,Producto A,2,81483.83
2023-02-07,Producto C,7,40636.43
2023-04-07,Producto D,2,79284.0
2023-08-23,Producto A,3,22382.86
2023-03-22,Producto D,5,44090.98
2024-08-25,Producto D,10,60356.9
2024-06-07,Producto C,1,19553.91
2024-08-20,Producto C,8,24995.25
2023-04-03,Producto A,5,71370.05
2024-02-09,Producto D,4,64091.69
2024-10-12,Producto C,3,65320.7
2023-06-01,Producto B,8,9791.75
2023-03-20,Producto D,5,91503.04
2024-04-14,Producto D,1,6331.96
2024-06-29,Producto D,4,13584.75
2023-11-25,Producto D,7,53886.25
2023-11-11,Producto C,8,86949.75
2024-03-04,Producto D,7,85206.83
2023-06-22,Producto A,1,41827.84
2024-05-05,Producto A,3,76018.13
2023-01-04,Producto D,10,15121.95
2024-07-24,Producto A,3,97692.33
2023-10-31,Producto D,3,5114.66
2024-06-29,Producto A,3,97330.42
2024-01-19,Producto C,9,35962.2
2024-01-27,Producto B,8,91189.72
2023-06-13,Producto D,2,83673.46
2023-11-01,Producto D,10,92178.65
2024-01-11,Producto C,1,96761.51
2024-07-24,Producto A,2,98747.55
2024-10-14,Producto A,2,8417.02
2024-02-04,Producto B,1,52904.5
2023-07-18,Producto C,4,5108.15
2024-05-01,Producto A,2,20421.1
2024-12-24,Producto C,9,11431.69
2024-12-30,Producto D,7,52466.26
2024-03-12,Producto C,3,87138.77
2023-05-28,Producto B,9,15203.74
2023-09-07,Producto C,2,56047.67
2023-02-14,Producto C,5,94781.72
2023-10-25,Producto C,6,64090.51
2023-09-18,Producto D,2,21635.8
2023-05-23,Producto C,1,74978.12
2024-01-03,Producto B,9,89352.17
2023-01-13,Producto D,7,44877.49
2023-08-09,Producto D,9,68895.6
2024-12-11,Producto B,6,96397.24
2023-05-02,Producto C,9,29846.0
2024-08-19,Producto A,10,22875.94
2023-03-25,Producto B,10,35312.66
2024-06-21,Producto B,3,42885.97
2024-02-25,Producto C,3,34726.94
2024-03-25,Producto A,6,36670.25
2024-04-19,Producto B,5,1571.49
2023-11-30,Producto C,2,65679.9
2024-07-02,Producto C,4,29201.61
2023-06-07,Producto D,6,18634.21
2024-02-02,Producto D,4,4306.12
2023-11-26,Producto D,8,16712.93
2023-10-24,Producto B,9,32801.44
2023-09-26,Producto B,9,10811.35
2023-07-13,Producto C,1,29896.15
2024-05-18,Producto A,9,34673.81
2023-08-24,Producto D,5,61118.35
2024-06-05,Producto A,5,25260.32
2024-06-28,Producto A,4,51630.51
2023-09-02,Producto D,10,75410.68
2023-12-16,Producto D,8,4023.85
2023-11-29,Producto D,3,21108.92
2024-12-14,Producto D,8,81106.65
2023-12-21,Producto C,9,54217.12
2023-01-19,Producto D,5,79784.86
2024-01-12,Producto D,9,63970.48
2024-03-31,Producto D,4,5376.77
2024-03-17,Producto A,1,55308.77
2023-02-26,Producto D,3,79936.09
2024-05-05,Producto A,7,29868.02
2023-11-27,Producto C,8,63382.32
2024-04-03,Producto A,10,62087.37
2024-09-12,Producto C,1,51967.88
2023-06-14,Producto A,6,36505.26
2024-08-26,Producto B,3,83156.06
2023-11-24,Producto A,10,55591.91
2024-07-06,Producto A,10,83921.38
2023-09-30,Producto D,3,50572.56
2023-08-31,Producto D,5,22187.94
2023-05-19,Producto B,1,64206.16
2023-01-17,Producto B,2,35176.46
2023-03-20,Producto A,7,93808.97
2023-04-23,Producto A,5,62706.28
2024-01-06,Producto C,9,53472.74
2024-02-13,Producto C,2,55911.41
2023-09-23,Producto C,7,16992.25
2024-12-05,Producto C,4,25579.58
2023-03-17,Producto B,5,21070.38
2024-10-29,Producto A,9,44607.9
2024-04-12,Producto B,3,87448.25
2024-01-14,Producto D,10,6143.91
2024-11-07,Producto D,10,43907.4
2023-02-18,Producto B,6,70531.81
2024-06-26,Producto C,3,56217.6
2023-09-05,Producto B,5,10565.77
2023-08-04,Producto D,5,54763.51
2024-04-23,Producto B,8,48058.97
2023-07-20,Producto B,10,2481.88
2024-10-07,Producto B,4,17908.01
2024-08-30,Producto C,9,79198.05
2023-05-23,Producto B,3,13040.66
2024-08-26,Producto D,6,16488.31
2024-03-22,Producto C,4,9963.2
2023-11-01,Producto A,1,32927.56
2023-04-05,Producto C,6,77819.89
2023-10-18,Producto A,3,43196.49
2024-06-24,Producto A,5,20034.99
2023-02-28,Producto C,3,21629.65
2023-04-22,Producto A,6,26784.14
2023-10-01,Producto C,5,64742.44
2023-06-07,Producto C,3,66540.18
2024-03-07,Producto D,2,55673.11
2023-12-13,Producto B,1,70506.73
2024-10-28,Producto D,7,60265.39
2023-06-23,Producto C,1,18906.45
2024-01-16,Producto D,5,3151.16
2023-01-06,Producto C,6,1989.67
2023-02-16,Producto A,2,47775.75
2024-07-31,Producto A,5,22659.9
2024-03-27,Producto B,10,86036.09
2024-10-19,Producto A,6,33010.8
2023-11-21,Producto A,2,17359.75
2023-01-08,Producto A,7,38820.67
2023-01-31,Producto D,7,66098.38
2023-11-30,Producto B,6,88650.92
2023-06-04,Producto D,5,90217.95
2023-03-29,Producto A,6,58928.12
2023-04-01,Producto B,4,22937.69
2023-10-15,Producto B,9,23493.16
2024-12-01,Producto D,10,16372.66
2023-05-13,Producto A,2,46212.13
2023-03-25,Producto B,10,53355.29
2023-11-03,Producto A,9,82844.21
2023-07-01,Producto A,1,57825.26
2024-05-02,Producto D,6,57547.92
2024-10-29,Producto D,6,75830.11
2023-09-06,Producto D,6,31241.28
2023-03-08,Producto D,6,33247.34
2024-02-07,Producto B,4,15598.14
2024-07-14,Producto C,4,84127.13
2023-09-03,Producto B,7,95023.95
2024-07-11,Producto A,6,13704.15
2023-02-02,Producto D,5,64654.16
2023-08-29,Producto B,4,92800.34
2023-09-16,Producto C,2,63367.71
2023-06-08,Producto D,4,37072.83
2024-02-14,Producto B,10,19053.04
2024-09-28,Producto B,8,37056.25
2024-05-04,Producto A,5,10146.54
2024-05-06,Producto D,8,50530.51
2024-03-24,Producto B,4,18945.5
2023-12-06,Producto D,4,84680.95
2023-07-23,Producto B,10,38726.31
2024-03-15,Producto B,2,52043.68
2024-08-15,Producto A,5,50742.29
2024-02-14,Producto D,5,11181.0
2023-04-12,Producto D,9,99448.22
2024-11-07,Producto D,6,92412.41
2024-02-22,Producto B,3,29184.33
2024-08-24,Producto A,4,72516.84
2023-03-23,Producto D,3,23095.98
2024-12-05,Producto D,2,66174.89
2023-01-05,Producto C,4,71498.76
2024-04-19,Producto A,1,84038.65
2024-09-05,Producto C,7,31833.0
2023-08-03,Producto B,7,65853.15
2023-11-02,Producto B,2,45268.86
2024-06-12,Producto B,9,52699.86
2024-01-12,Producto C,9,43353.35
2023-06-25,Producto B,9,33940.33
2024-01-19,Producto B,7,53526.44
2023-11-27,Producto D,7,19212.03
2024-07-10,Producto D,1,49206.8
2023-12-02,Producto A,4,82595.34
2024-05-05,Producto A,7,76794.36
2023-09-17,Producto B,2,73188.78
2023-08-09,Producto B,5,71414.7
2024-07-01,Producto A,7,5358.17
2023-05-25,Producto B,2,79546.19
2024-03-04,Producto A,10,57732.88
2023-01-12,Producto A,9,58396.34
2024-03-13,Producto B,4,30843.41
2023-10-27,Producto A,4,22011.92
2024-01-17,Producto D,6,5067.79
2024-01-21,Producto D,6,2350.48
2024-12-05,Producto B,2,87282.19
2023-07-13,Producto C,1,28994.87
2023-05-07,Producto B,1,14704.77
2023-09-06,Producto D,5,96540.59
2023-07-14,Producto D,10,26578.22
2024-10-27,Producto B,10,47153.25
2024-02-23,Producto A,10,28627.5
2024-10-22,Producto B,6,11368.62
2024-06-08,Producto B,3,10771.06
2024-11-01,Producto C,8,83416.69
2023-11-03,Producto D,3,63337.79
2023-03-31,Producto B,2,90097.45
2024-04-25,Producto A,4,64369.66
2024-01-20,Producto C,1,55350.12
2024-01-30,Producto A,10,25718.56
2024-07-13,Producto D,10,19947.95
2023-06-11,Producto D,8,93721.81
2024-12-13,Producto C,4,57691.28
2023-06-16,Producto C,7,72245.88
2024-01-04,Producto C,10,12258.7
2023-06-21,Producto C,8,73144.02
2023-07-05,Producto A,2,26344.26
2024-11-15,Producto D,10,84816.05
2023-02-25,Producto B,10,90799.53
2023-07-25,Producto A,10,89486.51
2023-02-20,Producto D,6,26380.76
2024-01-14,Producto B,9,26249.13
2023-11-26,Producto C,4,33404.18
2023-07-24,Producto C,8,63176.05
2024-07-29,Producto D,2,30240.19
2024-10-04,Producto D,7,53936.63
2024-03-19,Producto B,4,79067.21
2023-04-10,Producto D,7,83953.67
2024-07-03,Producto C,2,49493.73
2024-02-03,Producto B,10,7249.88
2024-01-10,Producto A,5,46814.56
2023-10-17,Producto C,4,54384.88
2024-08-21,Producto B,4,33781.04
2024-05-15,Producto D,3,72191.68
2023-12-16,Producto D,1,15366.97
2024-07-23,Producto A,8,1798.22
2023-03-27,Producto D,8,45760.31
2024-11-15,Producto D,3,87822.46
2024-10-23,Producto B,10,20563.65
2024-12-06,Producto D,1,45369.61
2024-09-16,Producto D,2,90311.32
2024-05-14,Producto A,5,36345.23
2023-02-20,Producto D,1,96836.37
2023-08-24,Producto A,5,21333.24
2023-12-28,Producto C,8,12916.03
2023-04-22,Producto C,1,7632.42
2024-06-26,Producto A,8,45778.73
2023-03-21,Producto D,2,3739.21
2023-10-31,Producto B,5,85586.89
2024-11-12,Producto A,1,76905.11
2024-03-06,Producto A,10,58236.42
2024-03-18,Producto D,5,88697.76
2024-07-08,Producto C,8,16035.5
2023-05-11,Producto A,2,6283.5
2023-04-03,Producto A,10,62070.26
2024-06-15,Producto C,4,44893.82
2023-01-14,Producto B,6,25618.68
2024-09-01,Producto A,3,48442.44
2024-11-21,Producto A,6,94961.65
2024-09-30,Producto A,8,83026.15
2024-01-14,Producto B,5,39067.17
2023-01-07,Producto C,6,97139.92
2024-11-18,Producto A,4,27673.83
2024-07-21,Producto D,2,9122.46
2023-03-30,Producto D,3,13745.5
2024-06-20,Producto A,6,92569.01
2024-09-07,Producto D,10,16429.6
2023-07-31,Producto D,1,70962.63
2023-03-25,Producto B,4,75024.05
2023-10-15,Producto D,2,16717.96
2023-01-23,Producto C,6,99942.62
2024-07-09,Producto A,1,44715.96
2023-11-15,Producto D,6,54017.53
2023-08-01,Producto D,9,82265.79
2024-06-03,Producto C,3,64074.47
2024-04-25,Producto A,5,71463.84
2024-01-19,Producto B,2,4948.01
2023-05-04,Producto A,9,59866.18
2023-12-01,Producto B,6,72689.41
2024-04-07,Producto D,6,58197.04
2024-01-25,Producto C,10,13994.0
2024-04-26,Producto A,6,3886.63
2024-01-15,Producto C,1,66168.85
2024-12-29,Producto C,7,80927.7
2023-05-16,Producto A,6,76845.06
2024-03-07,Producto A,2,83988.13
2023-08-12,Producto B,5,12063.56
2023-03-29,Producto B,7,28208.85
2024-01-04,Producto B,3,59991.8
2024-12-07,Producto C,6,16411.4
2023-09-20,Producto A,10,63513.27
2023-06-14,Producto B,5,7529.42
2024-06-13,Producto C,7,60412.15
2023-03-01,Producto B,10,12163.13
2024-10-17,Producto D,10,27527.3
2024-02-12,Producto A,2,88816.41
2024-03-30,Producto A,3,85043.01
2024-01-21,Producto C,3,9920.5
2023-11-28,Producto D,3,75229.18
2023-02-19,Producto B,2,3151.01
2024-01-31,Producto B,6,67286.44
2024-11-01,Producto A,3,19751.1
2024-05-24,Producto C,6,26494.64
2024-02-22,Producto C,1,50143.83
2023-05-31,Producto C,7,69110.07
2024-06-27,Producto A,3,82530.3
2024-02-03,Producto C,10,77013.51
2024-12-01,Producto C,7,49305.39
2024-09-13,Producto A,9,14454.01
2023-08-21,Producto C,10,87543.41
2023-11-26,Producto C,10,43388.64
2023-09-17,Producto B,5,91653.04
2024-06-02,Producto B,4,36748.97
2023-02-08,Producto A,8,59090.75
2023-08-17,Producto B,6,61843.02
2024-02-08,Producto B,8,88622.36
2023-12-05,Producto A,3,62199.09
2023-09-11,Producto A,5,97772.31
2024-03-09,Producto C,10,41288.35
2023-10-28,Producto A,5,11229.1
2024-08-17,Producto C,6,44362.75
2024-10-29,Producto D,8,34714.15
2024-04-22,Producto B,2,88417.73
2023-01-17,Producto D,8,20775.38
2024-03-16,Producto C,3,41616.27
2024-11-28,Producto A,4,81487.5
2024-03-31,Producto A,7,55933.61
2024-05-21,Producto B,4,68589.66
2023-03-09,Producto D,1,67505.93
2023-06-30,Producto B,8,63490.04
2024-05-17,Producto D,1,14981.67
2023-02-06,Producto A,3,38842.06
2024-04-24,Producto A,2,3069.31
2024-08-25,Producto C,5,56659.44
2024-03-27,Producto A,3,68923.97
2023-08-17,Producto C,6,90697.25
2024-04-01,Producto D,2,30133.17
2023-05-24,Producto A,8,91324.94
2023-11-02,Producto D,4,77410.84
2023-05-27,Producto B,8,64307.28
2023-03-05,Producto C,4,33928.93
2023-03-12,Producto A,8,77875.91
2023-09-30,Producto A,5,11509.14
2024-09-18,Producto D,5,24190.14
2023-12-09,Producto D,10,25197.72
2023-01-04,Producto D,4,61917.02
2024-10-16,Producto D,9,74160.82
2024-12-01,Producto D,8,29024.9
2023-01-24,Producto B,1,18732.41
2023-01-05,Producto A,8,10642.02
2024-12-22,Producto B,9,42176.13
2024-09-16,Producto B,7,33830.82
2023-08-17,Producto A,4,12639.92
2023-09-08,Producto C,5,43286.76
2023-11-06,Producto B,1,97762.86
2024-08-25,Producto B,4,32862.17
2024-12-04,Producto A,1,84538.71
2023-04-26,Producto C,5,94564.3
2024-03-07,Producto A,9,52836.2
2024-05-01,Producto B,4,33132.76
2024-10-19,Producto B,2,23535.84
2024-04-11,Producto B,4,16431.86
2024-08-25,Producto D,8,5707.63
2023-01-20,Producto C,4,97648.63
2023-07-14,Producto A,5,80725.53
2024-04-13,Producto B,6,61156.7
2023-06-12,Producto D,10,66217.76
2023-10-13,Producto A,10,78624.4
2024-07-02,Producto A,6,2709.14
2024-02-05,Producto D,10,22842.28
2023-08-23,Producto C,5,57185.57
2024-07-10,Producto C,3,56596.32
2024-04-07,Producto B,4,1315.72
2024-04-20,Producto A,4,36487.0
2024-03-07,Producto D,10,22100.66
2024-03-04,Producto B,1,28406.19
2024-01-12,Producto C,2,79242.45
2023-07-02,Producto C,3,21264.66
2023-10-17,Producto B,9,90502.55
2024-02-19,Producto C,4,72814.16
2023-03-04,Producto B,4,66463.03
2023-01-29,Producto B,5,63234.33
2024-10-01,Producto D,8,75242.33
2024-01-25,Producto A,7,8789.45
2024-12-14,Producto D,9,71996.87
2024-07-27,Producto A,3,2848.92
2023-07-05,Producto B,4,47636.36
2024-08-02,Producto C,9,20808.76
2023-08-11,Producto A,6,21375.07
2023-05-25,Producto C,9,69240.35
2023-01-27,Producto B,5,2494.23
2023-12-18,Producto D,3,16603.42
2024-09-07,Producto D,4,19340.97
2023-02-14,Producto B,10,64017.94
2024-04-23,Producto D,3,88969.16
2024-06-26,Producto D,8,92438.87
2024-08-08,Producto C,1,13014.23
2023-01-26,Producto A,5,29864.14
2024-02-11,Producto A,9,22663.02
2023-03-05,Producto D,7,55026.47
2023-07-16,Producto B,6,9748.96
2024-11-03,Producto A,1,92292.58
2024-08-15,Producto D,4,61663.07
2024-09-14,Producto A,4,32602.32
2024-09-08,Producto A,3,58431.96
2024-02-12,Producto A,9,16469.64
2023-06-20,Producto D,9,17897.27
2023-11-23,Producto C,7,36639.63
2023-12-29,Producto D,10,30413.42
2024-08-12,Producto B,2,40125.82
2023-09-21,Producto B,1,98013.44
2023-07-30,Producto C,2,52427.26
2023-05-20,Producto A,10,41481.04
2024-03-31,Producto C,5,73360.67
2024-01-21,Producto D,5,86027.85
2024-01-04,Producto D,10,60934.95
2024-03-03,Producto C,1,73382.44
2024-11-05,Producto C,7,15973.06
2024-10-06,Producto A,6,16167.17
2023-03-15,Producto A,1,48539.0
2024-08-14,Producto A,6,35950.5
2024-01-02,Producto D,1,68764.19
2024-07-06,Producto C,3,49958.3
2023-06-08,Producto D,9,5555.76
2023-10-09,Producto D,1,51003.8
2024-06-12,Producto C,10,99677.73
2023-07-09,Producto A,10,98320.72
2023-08-18,Producto D,8,32844.64
2023-04-07,Producto C,10,23070.15
2023-08-30,Producto D,1,52571.68
2023-09-27,Producto A,1,33427.45
2023-11-16,Producto D,1,77823.7
2023-08-08,Producto D,7,91811.4
2024-06-08,Producto D,10,90216.47
2023-08-02,Producto D,6,67312.9
2023-05-04,Producto D,8,26998.79
2024-07-21,Producto B,4,25565.9
2024-06-23,Producto D,3,81407.87
2024-10-02,Producto B,5,44541.0
2023-04-17,Producto B,5,67993.92
2024-07-26,Producto B,3,61449.06
2024-06-21,Producto D,5,99464.84
2024-04-28,Producto A,10,37102.7
2023-08-28,Producto D,4,48292.91
2024-07-27,Producto B,2,80501.27
2023-01-10,Producto A,10,65542.1
2024-09-18,Producto A,9,72046.5
2023-02-08,Producto C,8,13566.69
2024-01-14,Producto A,9,38257.72
2024-12-10,Producto B,9,9289.59
2024-05-09,Producto D,6,73972.46
2024-11-10,Producto C,3,42220.71
2023-02-09,Producto C,5,44434.52
2024-11-08,Producto D,6,55889.82
2024-04-22,Producto D,2,18370.96
2023-05-01,Producto A,10,23538.55
2023-08-17,Producto B,2,11193.05
2024-03-01,Producto C,7,41734.4
2024-04-30,Producto D,10,86588.59
2024-02-21,Producto B,7,72274.5
2023-10-25,Producto C,6,33484.43
2024-03-24,Producto D,4,31115.49
2024-01-27,Producto D,8,55482.75
2023-12-17,Producto B,2,38204.15
2023-07-18,Producto B,1,7180.82
2023-01-18,Producto A,6,59558.74
2024-10-24,Producto C,8,87199.15
2023-10-17,Producto A,10,60061.04
2023-07-06,Producto A,8,8021.18
2023-06-03,Producto C,9,41339.53
2023-08-03,Producto B,5,71483.18
2024-06-03,Producto C,5,42188.89
2024-09-23,Producto B,5,82072.29
2023-09-10,Producto B,10,82155.71
2024-04-13,Producto D,1,87846.73
2023-06-14,Producto C,6,41493.06
2023-09-29,Producto C,10,24860.94
2024-12-23,Producto A,8,54301.05
2023-11-14,Producto C,6,20934.07
2024-07-05,Producto B,5,18086.85
2024-02-08,Producto B,1,9115.78
2024-11-22,Producto C,10,36998.46
2023-09-18,Producto D,6,46850.26
2024-02-25,Producto B,8,51116.99
2023-10-12,Producto A,3,58961.08
2024-02-05,Producto A,4,9191.46
2023-12-30,Producto C,2,68975.18
2024-11-30,Producto A,1,3260.24
2024-05-12,Producto B,3,88873.57
2023-10-09,Producto B,9,53554.13
2024-03-22,Producto A,1,55516.05
2024-05-22,Producto C,2,91846.41
2024-10-04,Producto A,5,27262.36
2023-01-19,Producto C,7,51627.63
2024-07-11,Producto D,4,60361.23
2024-05-23,Producto B,10,91499.52
2024-05-09,Producto A,10,66761.78
2024-06-24,Producto C,3,86839.94
2024-06-15,Producto B,2,66797.5
2023-07-28,Producto B,6,79156.89
2023-06-06,Producto B,6,27494.97
2023-10-17,Producto B,10,83295.92
2023-01-05,Producto D,4,41373.37
2024-12-06,Producto D,9,36064.58
2024-06-10,Producto A,5,63703.59
2024-03-18,Producto C,4,15967.12
2023-07-27,Producto C,7,29754.29
2024-05-03,Producto D,1,99109.85
2023-08-09,Producto B,8,58444.12
2023-03-28,Producto C,9,42525.53
2023-04-05,Producto A,2,22225.45
2023-08-04,Producto D,7,18459.25
2024-08-30,Producto A,2,45017.0
2024-06-04,Producto C,9,82640.21
2024-12-02,Producto B,4,26374.4
2023-05-01,Producto B,2,81073.11
2024-02-25,Producto A,5,35030.97
2024-09-01,Producto A,3,70092.95
2023-05-28,Producto B,7,64051.56
2023-03-21,Producto A,2,14955.93
2023-03-07,Producto A,6,37014.4
2024-03-30,Producto B,10,68227.31
2023-12-16,Producto B,8,95911.76
2024-02-14,Producto B,1,49297.03
2024-05-03,Producto A,7,98770.51
2024-09-05,Producto A,6,88712.38
2023-06-02,Producto A,5,18435.11
2023-09-24,Producto D,5,24055.95
2023-03-02,Producto C,4,71127.08
2023-01-12,Producto D,5,80477.6
2024-08-03,Producto B,1,56630.11
2023-03-30,Producto D,8,94936.15
2023-08-04,Producto B,3,75826.93
2024-01-05,Producto D,2,20391.27
2023-11-21,Producto C,3,56456.91
2023-08-27,Producto A,3,25489.32
2023-03-23,Producto A,9,4704.65
2023-02-18,Producto C,10,11129.8
2024-05-18,Producto A,9,29824.0
2023-04-24,Producto C,1,99986.45
2024-05-04,Producto B,7,57545.45
2023-07-22,Producto A,5,52307.44
2023-11-09,Producto D,10,13829.85
2023-09-04,Producto A,5,26353.32
2024-01-23,Producto D,10,53896.64
2024-08-09,Producto B,7,76546.61
2023-07-15,Producto A,3,74442.56
2023-03-05,Producto B,4,45305.53
2024-07-04,Producto B,2,36809.03
2024-01-02,Producto D,5,49370.08
2023-03-20,Producto C,3,16839.86
2023-08-17,Producto C,5,40772.23
2024-10-26,Producto B,1,40688.44
2024-02-16,Producto B,6,17933.76
2024-12-07,Producto B,2,73931.26
2023-12-20,Producto B,6,36395.09
2024-04-18,Producto A,9,35140.9
2024-07-28,Producto B,10,29223.18
2024-09-27,Producto A,1,44938.19
2023-07-20,Producto A,5,85288.63
2024-05-07,Producto A,8,76856.3
2023-09-01,Producto D,10,33663.74
2023-06-13,Producto A,6,28201.06
2023-04-15,Producto D,3,23514.47
2023-04-15,Producto D,8,83300.96
2023-06-05,Producto A,9,13798.79
2024-08-06,Producto D,1,75991.6
2024-03-17,Producto A,7,37650.27
2023-12-13,Producto C,3,57784.94
2024-03-09,Producto D,9,2397.32
2023-02-24,Producto D,10,60097.75
2024-12-18,Producto D,10,85443.75
2024-12-13,Producto A,10,44471.33
2024-07-15,Producto C,10,3652.62
2023-07-11,Producto B,9,19468.34
2023-06-25,Producto D,8,58178.98
2024-01-09,Producto A,8,86190.95
2023-11-26,Producto B,4,4366.01
2024-01-04,Producto C,4,73911.62
2024-07-10,Producto C,9,77903.48
2023-05-14,Producto C,3,97497.9
2023-06-14,Producto C,7,84136.56
2023-08-22,Producto B,8,28425.99
2024-01-19,Producto D,4,44044.3
2024-03-31,Producto C,2,96662.96
2023-06-06,Producto B,8,68055.32
2024-07-09,Producto C,7,95299.02
2024-09-18,Producto C,8,45720.69
2023-05-05,Producto A,9,26115.55
2023-06-21,Producto D,9,81210.54
2024-11-20,Producto D,5,22342.48
2023-03-27,Producto A,7,84864.31
2024-03-30,Producto B,1,88497.59
2023-12-04,Producto D,7,35718.54
2024-02-28,Producto B,5,50238.99
2024-05-18,Producto B,9,2152.63
2024-03-19,Producto A,8,51339.24
2024-03-07,Producto C,10,79790.1
2023-03-07,Producto B,1,20281.28
2024-08-17,Producto A,7,53379.06
2023-07-05,Producto D,8,1708.19
2024-06-03,Producto A,3,1306.82
2024-12-12,Producto B,8,23650.2
2023-04-14,Producto D,2,71805.24
2023-11-17,Producto A,4,87249.06
2023-01-09,Producto C,10,50197.32
2024-03-11,Producto A,8,45012.14
2024-06-20,Producto D,5,90000.13
2023-10-30,Producto B,7,32242.92
2023-10-22,Producto B,8,25660.79
2023-05-09,Producto D,4,80344.6
2024-02-29,Producto A,3,73287.81
2023-07-15,Producto C,2,83038.77
2024-08-14,Producto C,5,2794.59
2024-10-31,Producto D,6,93094.31
2024-12-14,Producto B,1,13993.18
2024-01-01,Producto D,4,59840.69
2023-03-08,Producto A,3,52860.01
2024-09-15,Producto D,1,10338.16
2024-09-15,Producto B,2,88117.42
2024-06-27,Producto C,7,80052.33
2023-11-01,Producto B,2,37242.1
2023-03-07,Producto D,5,24897.8
2023-10-03,Producto B,1,78792.3
2024-04-13,Producto D,5,22526.67
2023-10-12,Producto C,3,25494.32
2024-10-20,Producto D,8,43303.48
2023-06-17,Producto D,7,10607.66
2024-11-26,Producto D,3,30695.61
2023-01-29,Producto C,4,70742.61
2024-10-07,Producto C,6,64671.54
2024-06-04,Producto A,1,48407.33
2023-12-08,Producto A,10,48749.5
2023-01-25,Producto A,2,23624.31
2024-09-19,Producto A,4,39151.13
2023-06-07,Producto B,10,57296.66
2023-07-27,Producto A,5,51851.98
2024-08-06,Producto B,6,44448.97
2023-06-22,Producto B,8,77533.25
2023-12-29,Producto C,2,84480.1
2024-08-06,Producto D,6,50173.27
2024-01-27,Producto D,9,91493.32
2023-10-19,Producto D,7,50319.06
2024-08-24,Producto D,4,70136.83
2024-07-20,Producto B,1,87903.56
2024-11-09,Producto C,7,6340.24
2023-03-05,Producto A,4,1030.89
2023-04-13,Producto B,1,93185.96
2024-07-17,Producto C,5,11445.18
2023-10-15,Producto D,8,16443.68
2024-03-02,Producto D,2,60518.72
2024-04-21,Producto D,4,77008.93
2023-11-15,Producto C,7,45909.18
2023-01-27,Producto B,10,60674.96
2024-02-23,Producto C,9,49891.95
2023-12-15,Producto A,10,25205.24
2024-05-31,Producto C,6,67907.17
2023-09-04,Producto D,9,28145.64
2024-06-25,Producto A,4,86891.33
2024-07-02,Producto B,3,38916.42
2024-01-18,Producto B,10,57714.55
2024-09-23,Producto A,10,51270.36
2023-01-14,Producto A,2,78734.21
2023-03-18,Producto B,2,32114.23
2023-07-29,Producto A,8,88181.31
2023-01-13,Producto D,1,43683.07
2023-10-17,Producto D,5,81087.12
2024-08-11,Producto A,6,92413.62
2023-08-23,Producto A,3,6603.12
2023-07-31,Producto D,2,35962.36
2024-11-15,Producto D,5,57097.26
2024-04-11,Producto C,10,98347.1
2024-05-20,Producto A,6,83469.56
2024-04-26,Producto B,10,34280.09
2023-12-20,Producto C,5,53712.93
2024-11-07,Producto D,8,82738.25
2024-08-25,Producto D,1,53541.15
2023-05-22,Producto B,4,95846.93
2024-03-05,Producto D,6,15941.0
2024-12-12,Producto A,7,14405.8
2023-07-31,Producto A,9,75723.28
2023-09-10,Producto A,2,97929.07
2024-07-09,Producto B,2,38775.35
2024-02-11,Producto C,1,90786.03
2023-12-16,Producto D,4,8845.22
2023-04-12,Producto A,1,20439.78
2024-09-10,Producto B,8,27107.96
2023-09-02,Producto A,10,57472.06
2023-07-22,Producto A,5,21455.9
2024-03-25,Producto C,2,93291.4
2024-10-17,Producto C,2,79231.94
2024-06-20,Producto C,4,1273.86
2024-01-18,Producto B,5,51117.59
2023-06-06,Producto D,10,69228.57
2024-11-10,Producto D,7,92376.8
2023-09-24,Producto C,8,70633.46
2023-01-15,Producto D,1,94142.46
2024-05-27,Producto C,10,82337.49
2023-04-30,Producto A,4,85466.98
2023-03-11,Producto B,4,74690.35
2023-07-16,Producto C,7,45285.99
2024-01-16,Producto D,10,69473.95
2024-09-02,Producto A,3,81344.01
2024-01-27,Producto A,7,7574.35
2023-06-15,Producto C,4,81508.43
2023-07-17,Producto C,5,49327.39
2023-08-18,Producto C,8,12596.52
2024-08-27,Producto B,1,78717.63
2023-05-01,Producto D,2,66065.79
2024-02-09,Producto C,3,56033.87
2023-05-04,Producto A,8,25511.29
2024-08-02,Producto C,10,43044.51
2024-03-30,Producto B,2,90978.87
2024-01-27,Producto D,7,25990.19
2024-09-04,Producto D,2,25084.14
2024-03-27,Producto A,6,79775.23
2023-05-12,Producto C,4,17944.2
2024-03-29,Producto D,4,34993.61
2024-07-12,Producto D,7,72119.94
2023-01-28,Producto D,8,93305.82
2024-09-15,Producto D,1,54553.03
2024-03-11,Producto C,2,52670.56
2024-02-13,Producto B,6,23478.79
2023-09-20,Producto C,8,22278.65
2023-11-19,Producto D,5,2625.75
2023-06-29,Producto C,6,41556.82
2023-01-29,Producto C,7,13426.02
2024-02-27,Producto B,3,17269.94
2023-09-28,Producto C,6,82362.84
2024-10-18,Producto D,8,67289.99
2023-12-12,Producto B,9,55072.24
2023-03-29,Producto A,8,80339.32
2023-10-02,Producto B,4,21707.68
2024-04-04,Producto D,8,2543.99
2024-06-11,Producto C,6,97740.45
2024-09-07,Producto C,8,69628.23
2023-07-15,Producto B,9,45685.17
2023-01-10,Producto A,8,66390.2
2024-05-16,Producto D,6,9725.77
2023-06-07,Producto A,1,92912.56
2024-05-10,Producto D,10,16632.4
2024-02-20,Producto B,3,43605.82
2023-02-23,Producto D,6,50057.87
2024-03-27,Producto B,5,71262.23
2023-04-13,Producto C,4,73677.09
2024-08-31,Producto A,4,88141.96
2023-11-10,Producto C,3,97420.24
2023-02-16,Producto D,2,80253.72
2024-05-04,Producto B,4,40263.87
2024-05-19,Producto D,1,19129.95
2024-07-13,Producto B,3,48674.65
2024-01-03,Producto D,4,69512.0
2023-09-13,Producto B,4,1897.85
2024-12-30,Producto C,2,14229.82
2023-11-01,Producto C,1,88433.55
2024-06-04,Producto A,7,4652.76
2024-12-28,Producto C,6,98473.42
2024-07-09,Producto C,1,17885.97
2023-11-23,Producto A,1,52178.01
2023-05-27,Producto C,8,21005.23
2024-02-22,Producto B,9,75597.97
2023-05-19,Producto C,10,20295.19
2023-03-31,Producto A,7,75145.76
2024-08-30,Producto C,6,59080.13
2023-03-29,Producto B,8,93985.92
2024-06-27,Producto D,1,20444.5
2024-10-23,Producto A,1,43091.97
2023-01-05,Producto A,2,28485.69
2024-08-24,Producto B,5,91914.18
2023-01-20,Producto B,1,82441.58
2024-10-29,Producto D,8,13107.12
2024-01-25,Producto D,1,92637.8
2024-05-23,Producto D,2,70977.93
2024-02-20,Producto D,9,63740.44
2024-02-20,Producto D,10,1263.27
2024-09-01,Producto C,7,97927.56
2023-04-24,Producto D,5,73542.54
2023-10-23,Producto A,10,87689.2
2023-02-18,Producto B,6,47564.07
2024-02-13,Producto C,10,30879.99
2024-02-26,Producto D,9,75498.18
2023-11-14,Producto B,5,65530.17
2023-10-31,Producto B,9,83407.27
2023-06-02,Producto A,10,23476.78
2023-09-19,Producto D,3,6979.86
2024-11-26,Producto B,10,11686.42
2023-07-20,Producto D,4,78678.97
2024-04-18,Producto B,3,9164.63
2023-10-08,Producto D,4,23100.31
2024-08-21,Producto A,5,70286.91
2023-11-16,Producto A,2,77088.9
2024-11-21,Producto A,6,49460.9
2024-02-08,Producto A,4,39471.3
2024-12-27,Producto A,5,14863.34
2024-02-26,Producto B,2,43884.35
2024-03-08,Producto A,3,79746.07
2023-08-19,Producto A,2,58021.92
2024-03-27,Producto A,9,19873.92
2024-05-10,Producto C,8,40033.61
2023-07-09,Producto D,9,78126.88
2024-02-23,Producto D,4,39356.21
2023-05-04,Producto A,4,32247.87
2023-10-27,Producto C,9,70027.39
2024-12-08,Producto B,4,49527.85
2023-10-08,Producto B,2,94005.72
2024-09-10,Producto A,4,3365.33
2024-11-10,Producto C,3,68153.89
2023-08-20,Producto B,1,42836.17
2023-11-15,Producto B,7,31151.16
2023-12-22,Producto A,4,91502.61
2024-10-28,Producto A,10,27850.35
2023-10-18,Producto D,3,28992.91
2024-04-15,Producto B,2,14523.8
2023-01-27,Producto B,7,74574.28
2023-11-17,Producto D,8,95885.78
2024-02-23,Producto D,7,91749.77
2024-04-11,Producto D,2,74343.35
2024-07-14,Producto C,9,83464.98
2023-11-16,Producto A,10,27916.76
2023-12-10,Producto B,10,50089.73
2024-04-11,Producto C,5,42209.63
2023-01-13,Producto C,4,33100.77
2024-01-23,Producto A,1,53786.42
2024-11-16,Producto B,6,27841.72
2023-05-06,Producto A,1,30946.21
2024-08-19,Producto D,5,35607.34
2024-09-01,Producto D,2,60995.54
2024-07-14,Producto D,5,52751.83
2023-07-27,Producto C,3,5696.09
2023-03-03,Producto C,9,25259.29
2024-10-08,Producto D,5,58316.78
2023-04-10,Producto D,7,93764.92
2024-07-18,Producto A,1,18309.81
2023-06-16,Producto C,6,35173.19
2024-04-06,Producto D,4,9678.08
2024-07-25,Producto D,9,64141.11
2023-05-04,Producto D,7,45187.82
2024-03-19,Producto C,10,8965.15
2023-11-29,Producto A,6,70143.58
2024-04-09,Producto A,8,57832.25
2024-09-18,Producto D,1,56320.3
2023-09-24,Producto A,9,77079.66
2024-03-13,Producto A,3,20572.08
2024-07-03,Producto C,10,25521.23
2023-02-13,Producto B,10,97034.3
2024-12-01,Producto B,4,61170.71
2023-09-30,Producto A,1,67071.67
2023-01-09,Producto B,4,80425.69
2023-01-23,Producto B,5,78504.59
2023-05-10,Producto D,10,73552.44
2023-08-22,Producto D,2,17204.95
2024-11-23,Producto C,5,96293.26
2024-10-16,Producto C,5,16932.23
2023-11-07,Producto A,9,63524.68
2023-10-08,Producto C,6,19734.84
2024-07-28,Producto B,9,14296.56
2024-02-21,Producto D,6,73271.31
2023-12-23,Producto A,5,65573.03
2024-06-14,Producto B,5,65502.39
2024-08-25,Producto C,4,64963.42
2023-04-29,Producto D,5,87506.91
2023-08-30,Producto B,9,31520.53
2024-07-31,Producto B,3,51986.96
2023-01-15,Producto A,10,52810.93
2024-02-22,Producto C,6,87202.12
2023-07-18,Producto D,10,76647.58
2024-05-10,Producto C,4,19619.25
2024-03-22,Producto B,6,57987.03
2023-01-20,Producto A,5,12402.02
2023-04-18,Producto B,10,90129.03
2024-11-28,Producto C,6,90312.85
2024-06-17,Producto C,1,25910.1
2024-04-20,Producto B,1,96397.52
2023-03-05,Producto C,9,6480.03
2024-12-06,Producto D,3,97574.65
2024-02-23,Producto C,8,70940.82
2024-02-26,Producto C,8,43182.86
2023-10-16,Producto B,7,38992.1
2024-09-15,Producto C,4,53706.71
2023-07-12,Producto B,8,22096.54
2024-08-23,Producto C,5,54455.38
2023-01-08,Producto C,2,61172.03
2023-04-16,Producto A,1,22973.87
2023-08-24,Producto A,4,95004.07
2024-02-21,Producto B,9,65083.95
2024-06-21,Producto D,4,42166.93
2024-06-14,Producto D,6,73678.62
2023-11-06,Producto A,2,39682.51
2024-02-08,Producto A,6,70760.64
2023-08-12,Producto B,10,54305.51
2023-12-06,Producto D,10,9293.64
2023-09-23,Producto C,8,98457.5
2023-12-17,Producto D,1,92482.64
2023-12-08,Producto A,10,90341.1
2023-09-16,Producto B,2,85340.3
2023-06-28,Producto A,2,1368.48
2023-03-02,Producto D,6,63766.53
2023-12-23,Producto C,1,89393.19
2023-06-03,Producto B,2,70359.85
2023-01-12,Producto A,3,94966.49
2023-08-29,Producto C,5,49854.56
2024-04-19,Producto C,6,61407.49
2023-01-04,Producto C,7,95777.2
2024-03-22,Producto B,1,75320.52
2023-11-19,Producto C,4,2575.14
2023-04-12,Producto A,4,89201.87
2024-03-24,Producto A,2,51325.96
2023-06-06,Producto C,10,89722.12
2023-09-29,Producto B,8,59012.02
2023-05-07,Producto B,1,69910.78
2023-05-26,Producto A,2,87927.27
2024-12-17,Producto B,3,9112.46
2024-02-03,Producto C,9,64722.52
2023-05-24,Producto C,7,39961.68
2024-01-25,Producto B,6,71349.0
2023-07-01,Producto C,10,52335.12
2024-04-21,Producto C,5,87784.61
2024-07-29,Producto B,8,72339.06
2023-03-15,Producto C,6,19014.11
2024-11-27,Producto D,5,99365.74
2024-06-13,Producto D,4,23542.1
2024-05-08,Producto A,6,54686.77
2024-02-19,Producto C,1,35083.92
2024-03-23,Producto D,2,60663.2
2023-09-09,Producto D,9,2895.26
2023-02-21,Producto A,4,88862.48
2023-01-16,Producto D,7,18234.18
2024-06-02,Producto B,7,90697.09
2024-07-27,Producto A,10,23295.23
2024-03-31,Producto C,9,6905.54
2023-09-19,Producto A,3,18963.46
2023-01-14,Producto B,9,34168.31
2023-03-20,Producto A,3,81142.15
2024-05-29,Producto A,7,62069.49
2024-12-18,Producto C,10,24642.78
2024-07-11,Producto C,8,4137.21
2024-03-13,Producto D,7,9443.73
2023-02-18,Producto C,10,39613.98
2023-01-09,Producto C,2,89060.09
2023-06-29,Producto B,4,53677.06
2024-12-05,Producto B,6,3518.61
2023-12-15,Producto A,3,81315.63
2023-10-19,Producto D,3,26874.21
2024-10-24,Producto D,8,9980.99
2024-07-15,Producto C,5,22923.74
2024-07-26,Producto A,6,50386.21
2024-12-26,Producto C,5,40855.95
2024-10-06,Producto C,6,7892.19
2024-08-08,Producto A,10,83723.49
2024-11-30,Producto B,9,3734.18
2023-09-01,Producto A,6,9316.49
2023-04-14,Producto A,4,75279.82
2024-03-27,Producto A,8,89335.67
2024-01-15,Producto D,8,88849.56
2023-11-29,Producto D,4,8153.88
2023-04-04,Producto A,9,30260.02
2023-04-29,Producto C,9,38472.3
2023-10-08,Producto C,8,93961.15
2023-12-30,Producto B,9,3465.55
2024-03-27,Producto D,7,86169.1
2024-09-15,Producto C,10,54309.52
2024-05-20,Producto C,4,82833.63
2023-07-18,Producto D,9,50828.67
2024-03-25,Producto D,2,87505.31
2023-06-15,Producto B,9,83631.2
2024-11-01,Producto A,10,46120.75
2023-12-26,Producto B,1,15458.91
2023-05-26,Producto C,1,67627.66
2023-12-04,Producto A,3,71632.28
2023-04-26,Producto B,9,24375.54
2024-07-18,Producto A,1,98681.15
2023-07-24,Producto D,3,26593.31
2024-02-29,Producto D,6,35783.22
2023-10-19,Producto D,1,85720.84
2024-05-15,Producto B,2,73104.7
2024-11-09,Producto D,8,44661.85
2023-05-27,Producto B,1,7347.44
2024-05-05,Producto D,7,76645.49
2023-09-19,Producto D,7,92466.53
2024-04-21,Producto D,9,89140.87
2023-03-06,Producto D,4,18705.69
2023-03-17,Producto A,4,85780.18
2023-11-02,Producto D,2,65570.98
2023-11-28,Producto D,10,73314.56
2024-08-29,Producto D,7,34034.92
2024-11-18,Producto B,2,93008.83
2024-04-09,Producto D,9,22061.6
2023-11-02,Producto A,1,65051.1
2023-01-11,Producto D,1,30716.85
2023-08-23,Producto D,3,52069.17
2023-09-18,Producto C,9,52024.8
2023-02-20,Producto A,9,28084.9
2023-08-17,Producto C,4,21228.01
2024-10-26,Producto B,8,19169.46
2024-03-02,Producto D,8,19726.72
2024-06-17,Producto C,9,99989.6
2024-03-25,Producto A,2,39579.99
2024-08-26,Producto A,4,64610.78
2024-11-13,Producto D,5,44580.89
2024-07-21,Producto A,8,79748.07
2024-09-30,Producto B,10,35278.18
2024-01-06,Producto C,4,80031.22
2023-08-17,Producto D,5,57383.97
2024-09-17,Producto C,4,85292.47
2023-09-09,Producto B,7,75603.59
2023-01-04,Producto C,8,52288.59
2023-01-09,Producto C,3,53404.52
2023-03-11,Producto B,8,27612.67
2024-01-17,Producto B,7,37449.05
2024-02-04,Producto D,4,42832.11
2024-11-04,Producto D,9,13020.6
2023-01-26,Producto C,4,70937.26
2024-10-09,Producto A,1,28363.89
2023-01-10,Producto A,6,28322.76
2024-04-02,Producto A,3,4185.21
2023-05-29,Producto A,8,39424.64
2023-06-28,Producto B,5,23887.91
2024-12-14,Producto C,3,11318.06
2023-03-18,Producto D,6,69728.32
2023-10-05,Producto B,7,76624.72
2024-01-07,Producto D,3,38764.21
2023-03-11,Producto C,7,2190.56
2023-06-12,Producto C,3,6129.76
2024-02-04,Producto D,7,2168.7
2023-02-20,Producto A,10,3118.38
2024-06-25,Producto B,8,74285.43
2023-05-09,Producto A,5,14991.07
2024-05-26,Producto B,7,78114.16
2024-07-13,Producto A,1,67819.79
2024-09-10,Producto A,4,42369.45
2024-09-01,Producto B,1,42685.03
2024-08-18,Producto C,2,72543.0
2024-09-25,Producto C,2,17216.55
2023-12-27,Producto B,7,46040.5
2024-02-06,Producto C,2,67289.24
2024-11-10,Producto A,4,25327.7
2024-09-08,Producto B,1,73173.22
2023-09-19,Producto D,8,63030.29
2023-06-15,Producto C,7,34211.92
2023-12-18,Producto C,4,20840.01
2024-03-22,Producto C,1,24881.18
2024-10-29,Producto A,8,21159.14
2024-05-28,Producto C,6,77072.47
2023-11-14,Producto A,8,50696.22
2024-02-29,Producto C,3,33558.63
2023-08-28,Producto B,10,64922.45
2024-06-13,Producto D,6,62299.31
2023-04-25,Producto B,8,11602.9
2023-08-19,Producto A,8,1893.93
2024-07-31,Producto D,4,13669.18
2023-05-01,Producto B,5,33252.51
2024-02-19,Producto A,4,41892.53
2024-04-15,Producto B,4,28077.3
2023-06-21,Producto C,3,52319.6
2023-01-11,Producto B,1,21411.87
2024-04-05,Producto C,1,86606.62
2024-08-09,Producto C,8,71190.01
2024-10-09,Producto B,4,96851.8
2023-03-10,Producto A,2,18114.44
2024-12-10,Producto A,2,84462.16
2024-03-10,Producto A,3,59898.44
2023-06-29,Producto D,10,93737.93
2024-04-09,Producto B,1,39144.1
2024-07-27,Producto B,9,34200.8
2023-04-28,Producto B,9,93605.75
2024-01-30,Producto B,6,41051.57
2023-12-17,Producto C,10,17549.71
2023-05-21,Producto B,8,88823.51
2023-01-10,Producto B,2,24994.3
2024-02-16,Producto C,2,3548.37
2024-07-13,Producto D,4,80921.69
2024-07-19,Producto C,3,75788.58
2024-11-06,Producto A,8,35831.85
2024-03-07,Producto D,1,47307.09
2023-08-12,Producto D,3,41732.16
2024-05-03,Producto B,4,83376.54
2023-07-11,Producto B,5,28350.21
2024-01-14,Producto D,5,31152.33
2023-05-23,Producto A,6,32528.73
2024-03-23,Producto A,1,1094.49
2023-12-01,Producto D,5,4271.11
2023-09-26,Producto A,2,22821.07
2024-04-02,Producto A,9,99388.94
2024-04-13,Producto D,1,32348.51
2023-09-08,Producto B,4,41902.24
2024-08-03,Producto A,1,47407.54
2024-02-11,Producto D,10,20086.57
2024-09-06,Producto B,7,1929.86
2023-01-13,Producto C,6,62858.68
2024-08-18,Producto A,8,92189.24
2024-10-14,Producto D,8,71850.45
2024-08-03,Producto C,5,4679.02
2023-01-13,Producto C,8,67141.22
2024-07-28,Producto C,8,69621.2
2023-11-22,Producto C,7,66169.76
2024-08-05,Producto B,5,28826.55
2024-03-06,Producto A,10,98650.91
2024-09-17,Producto A,2,14290.44
2023-02-09,Producto D,9,60534.12
2023-09-04,Producto B,9,50856.61
2023-09-10,Producto A,5,90020.12
2023-07-24,Producto B,7,67292.8
2023-03-11,Producto D,1,89852.61
2024-01-31,Producto B,1,36443.03
2023-12-02,Producto B,4,24210.05
2023-05-18,Producto C,4,38656.56
2023-07-26,Producto D,10,95868.62
2023-06-16,Producto A,2,58070.15
2023-04-12,Producto B,4,51220.06
2023-05-06,Producto A,5,83278.35
2023-08-08,Producto C,3,44647.28
2024-11-28,Producto B,6,99113.1
2024-01-13,Producto A,1,75057.56
2024-10-15,Producto B,6,7757.09
2023-06-15,Producto D,6,32375.53
2023-02-27,Producto C,2,19983.56
2024-04-11,Producto D,9,7789.36
2023-05-19,Producto C,2,96908.7
2023-08-08,Producto A,1,93647.77
2023-12-09,Producto C,4,16093.0
2023-04-15,Producto A,1,42040.1
2023-02-07,Producto B,10,34177.86
2023-07-16,Producto D,10,8688.41
2024-03-10,Producto C,3,9069.85
2024-10-07,Producto D,4,14683.73
2023-04-11,Producto D,9,40507.17
2023-09-13,Producto B,9,20714.7
2023-08-13,Producto D,10,85174.68
2024-03-27,Producto B,1,68067.24
2024-09-20,Producto C,7,72429.21
2023-07-28,Producto B,8,34196.72
2024-01-27,Producto B,2,95816.77
2023-08-04,Producto A,5,17002.64
2024-01-13,Producto D,5,24402.84
2024-01-21,Producto A,4,70836.6
2024-04-11,Producto C,9,29051.39
2023-06-21,Producto B,10,12788.14
2024-12-22,Producto A,9,46634.25
2024-12-18,Producto A,8,93676.24
2024-04-09,Producto C,5,27303.01
2023-10-24,Producto B,7,58456.4
2024-03-13,Producto B,6,23561.46
2024-10-27,Producto A,9,42800.73
2024-11-21,Producto B,8,30221.52
2024-10-11,Producto D,1,17220.12
2024-07-29,Producto B,7,28767.22
2024-02-28,Producto A,9,81773.4
2023-06-26,Producto C,7,6281.79
2023-07-26,Producto B,6,70077.82
2024-04-10,Producto B,9,3735.04
2023-12-02,Producto D,1,15343.97
2023-03-07,Producto B,2,29676.2
2023-12-07,Producto D,4,46245.16
2023-03-21,Producto A,9,54626.44
2023-01-08,Producto B,7,47399.54
2023-03-22,Producto B,2,87349.33
2023-07-13,Producto B,2,51183.31
2023-01-31,Producto C,4,85144.22
2023-04-09,Producto C,3,93123.41
2024-05-23,Producto D,6,87909.85
2024-11-14,Producto A,6,35178.53
2023-02-19,Producto A,5,38266.95
2023-01-07,Producto D,7,98406.54
2024-10-12,Producto B,9,47016.1
2023-04-02,Producto D,1,32812.2
2023-12-24,Producto D,8,11153.43
2023-09-08,Producto B,9,26652.36
2023-08-30,Producto B,3,83066.6
2023-06-14,Producto C,4,71894.28
2023-11-11,Producto B,6,78336.77
2024-12-20,Producto B,6,45911.42
2024-07-19,Producto B,8,54753.46
2024-01-23,Producto D,2,68223.26
2023-12-23,Producto C,8,18846.1
2024-08-09,Producto B,8,78576.44
2023-06-23,Producto D,1,33781.15
2023-04-19,Producto B,9,64471.81
2024-01-10,Producto A,7,93132.28
2024-12-18,Producto B,9,45770.87
2024-09-09,Producto D,3,66137.46
2023-04-11,Producto D,8,29648.38
2024-07-22,Producto D,5,40769.71
2023-11-14,Producto C,4,48229.8
2023-01-31,Producto D,3,89337.89
2023-06-29,Producto A,9,23076.64
2023-07-10,Producto C,9,44574.89
2024-01-15,Producto B,8,61510.66
2024-03-13,Producto B,6,96233.62
2024-12-15,Producto A,5,67697.76
2024-09-26,Producto A,8,65047.41
2024-08-26,Producto A,8,49526.93
2024-04-15,Producto C,1,49031.93
2024-10-27,Producto C,4,72368.04
2024-08-15,Producto D,1,93037.56
2024-05-15,Producto C,5,10184.21
2024-08-22,Producto C,9,17079.42
2023-03-07,Producto B,8,29212.37
2024-03-21,Producto D,9,4029.2
2023-06-28,Producto C,4,69701.6
2024-02-08,Producto B,10,52066.13
2023-07-11,Producto A,8,57967.42
2023-07-29,Producto B,9,26678.24
2024-09-03,Producto D,7,86108.56
2024-09-01,Producto C,4,76008.93
2023-11-13,Producto A,8,36155.12
2023-08-09,Producto A,5,68036.29
2024-01-09,Producto C,6,69590.7
2023-09-12,Producto B,7,31075.0
2023-06-26,Producto D,4,24390.76
2023-12-10,Producto C,1,61408.59
2023-07-01,Producto A,3,18701.82
2023-09-10,Producto C,4,36572.87
2023-12-08,Producto D,5,18787.19
2024-03-09,Producto D,4,5198.91
2024-03-17,Producto A,4,15803.21
2024-01-02,Producto C,5,65014.48
2023-12-01,Producto B,8,91614.48
2024-07-09,Producto A,5,77171.07
2024-06-04,Producto C,1,5184.56
2023-06-23,Producto B,6,12643.5
2024-10-14,Producto C,8,15320.37
2024-07-27,Producto D,10,32185.9
2023-10-24,Producto B,4,91327.65
2023-11-03,Producto A,4,15653.68
2023-05-13,Producto B,5,93763.29
2023-11-11,Producto C,2,6719.56
2024-11-08,Producto C,7,30886.32
2023-02-18,Producto B,6,33819.51
2023-01-10,Producto C,3,9180.65
2023-08-24,Producto B,4,45316.02
2023-11-07,Producto B,8,53423.43
2024-03-19,Producto D,10,75353.71
2023-03-28,Producto B,8,27884.76
2023-02-22,Producto A,10,23476.42
2024-04-18,Producto C,5,51791.11
2024-01-28,Producto A,3,78092.7
2023-12-06,Producto D,9,30428.08
2024-04-07,Producto A,4,47393.21
2024-12-06,Producto B,1,29587.09
2023-10-28,Producto C,4,36358.8
2023-07-17,Producto B,8,40017.44
2024-05-30,Producto A,8,11462.09
2023-12-08,Producto D,7,16068.14
2023-05-09,Producto D,2,74053.84
2024-10-06,Producto D,6,2606.67
2023-10-27,Producto A,6,27565.66
2023-09-12,Producto D,7,48024.83
2024-01-04,Producto B,4,10566.06
2024-12-23,Producto C,7,56282.68
2024-09-08,Producto A,10,19336.27
2023-09-27,Producto A,5,80896.07
2024-02-12,Producto D,10,23946.06
2024-07-04,Producto D,10,2992.42
2023-08-09,Producto B,6,39501.4
2023-12-09,Producto B,6,15449.35
2024-08-04,Producto A,8,65696.18
2024-08-23,Producto A,8,24239.32
2023-07-25,Producto B,7,7986.59
2023-10-08,Producto A,9,31602.73
2024-01-19,Producto A,7,63037.0
2024-05-24,Producto C,10,8686.81
2023-10-22,Producto B,6,5869.25
2024-09-30,Producto B,8,39097.36
2024-09-10,Producto C,8,43149.09
2024-09-09,Producto A,1,4734.41
2023-02-21,Producto B,3,96227.12
2023-01-10,Producto C,6,57213.57
2023-08-10,Producto D,9,2612.47
2024-06-20,Producto C,8,32182.82
2023-06-09,Producto D,8,32064.56
2023-04-06,Producto B,6,22401.32
2023-06-01,Producto D,8,89559.48
2023-04-19,Producto D,6,31774.59
2023-12-25,Producto B,3,65600.53
2023-05-30,Producto D,3,27951.4
2024-05-30,Producto B,6,46330.68
2024-12-22,Producto C,3,75524.12
2023-10-10,Producto C,4,53727.42
2023-06-02,Producto A,10,31826.45
2023-08-30,Producto A,8,30370.91
2023-05-23,Producto C,3,65374.84
2024-08-04,Producto A,6,13398.23
2024-09-21,Producto D,7,33486.96
2024-02-20,Producto C,1,26930.55
2024-03-29,Producto B,5,57166.51
2024-09-06,Producto A,4,42090.44
2023-11-01,Producto C,6,10894.02
2023-03-05,Producto B,1,70520.75
2024-06-25,Producto D,8,87037.89
2023-01-18,Producto D,1,57655.15
2024-01-05,Producto B,7,50609.14
2023-05-24,Producto A,10,17533.59
2023-12-13,Producto A,4,20153.81
2023-07-18,Producto D,6,85633.02
2023-05-27,Producto C,10,80516.24
2023-01-14,Producto C,2,87473.22
2023-08-30,Producto A,6,3523.25
2023-06-03,Producto D,9,81847.09
2023-01-10,Producto C,1,52519.37
2024-02-06,Producto D,6,89134.11
2023-06-05,Producto B,7,9935.24
2024-07-04,Producto A,6,1199.02
2024-07-29,Producto C,10,16935.84
2024-06-01,Producto C,4,52907.04
2023-10-25,Producto C,4,81149.17
2023-05-09,Producto C,10,12102.0
2023-05-01,Producto C,9,1707.34
2024-05-04,Producto D,5,59367.24
2023-11-03,Producto D,9,43168.86
2024-07-24,Producto A,1,74679.87
2023-12-26,Producto C,8,29948.86
2024-11-09,Producto A,10,93916.95
2023-12-08,Producto B,1,96707.27
2023-07-21,Producto D,8,49966.13
2024-10-06,Producto D,1,99220.95
2024-09-21,Producto D,4,56950.46
2024-06-13,Producto A,8,42391.51
2023-08-24,Producto C,2,61574.87
2024-10-15,Producto B,9,50439.35
2024-03-01,Producto C,7,32825.95
2023-07-17,Producto A,2,21474.6
2024-02-02,Producto A,7,45546.05
2024-04-08,Producto C,9,6907.91
2024-05-11,Producto A,4,3322.53
2024-02-14,Producto C,8,91380.66
2023-01-15,Producto D,2,12885.32
2024-03-28,Producto C,9,24174.33
2023-06-19,Producto A,10,60882.63
2024-10-31,Producto C,1,46277.39
2024-05-19,Producto B,9,77459.55
2023-04-09,Producto B,7,38373.12
2024-11-25,Producto A,3,84544.36
2024-03-28,Producto C,8,10392.24
2024-05-08,Producto C,7,26937.0
2024-10-31,Producto B,1,57612.77
2024-08-03,Producto A,8,21653.67
2023-11-23,Producto A,2,21593.68
2024-06-19,Producto D,9,3211.89
2024-09-05,Producto C,4,36136.56
2023-10-23,Producto A,9,67234.22
2023-09-05,Producto C,7,59074.49
2024-12-28,Producto A,5,50156.98
2024-12-29,Producto B,10,41079.85
2023-02-25,Producto A,5,66283.74
2023-10-11,Producto A,9,1624.24
2023-04-09,Producto C,4,62158.59
2024-05-09,Producto B,1,15441.52
2024-07-14,Producto D,8,14967.21
2023-03-29,Producto B,5,64405.88
2023-11-02,Producto D,7,51423.1
2023-08-09,Producto C,5,45336.11
2023-09-16,Producto B,3,33436.03
2023-11-17,Producto D,3,25007.6
2024-06-29,Producto A,7,55846.2
2024-09-22,Producto A,9,37963.96
2024-11-18,Producto B,5,60282.4
2024-11-08,Producto D,9,94567.11
2023-04-26,Producto B,10,66468.96
2024-01-31,Producto B,2,76074.1
2023-02-03,Producto C,7,64504.24
2024-07-02,Producto A,9,37613.59
2023-09-10,Producto C,4,90068.49
2023-10-08,Producto D,3,34464.08
2023-10-21,Producto A,2,53165.11
2023-04-28,Producto A,3,36177.62
2023-07-22,Producto C,5,57379.12
2023-04-05,Producto A,2,4111.06
2024-05-26,Producto A,2,47750.76
2023-05-24,Producto C,2,34886.62
2023-06-26,Producto C,3,77192.03
2024-10-26,Producto D,10,25177.73
2023-12-10,Producto B,5,87996.32
2024-04-20,Producto A,9,38364.64
2023-06-04,Producto D,5,7138.9
2023-05-22,Producto A,9,43098.91
2024-01-15,Producto D,5,22885.01
2023-01-29,Producto D,9,90242.88
2023-04-23,Producto A,2,40489.54
2024-08-18,Producto D,10,88780.99
2023-09-17,Producto D,4,83137.72
2023-06-10,Producto C,4,75926.36
2023-10-01,Producto C,8,25396.16
2024-12-04,Producto C,2,9509.27
2023-11-08,Producto A,8,48356.59
2023-06-11,Producto B,10,77652.39
2024-12-14,Producto B,10,70000.51
2024-12-25,Producto C,5,18954.17
2023-02-06,Producto B,10,19103.53
2023-01-05,Producto A,2,4967.61
2023-05-19,Producto B,4,3676.12
2023-12-17,Producto D,10,20110.57
2024-10-22,Producto C,7,77790.9
2023-09-06,Producto B,4,22302.35
2024-10-20,Producto D,1,91325.24
2023-10-10,Producto C,3,77294.39
2023-10-01,Producto B,7,55354.02
2023-08-13,Producto D,2,23925.75
2023-01-11,Producto B,5,88668.36
2024-03-07,Producto D,5,2102.08
2024-07-24,Producto B,9,76725.17
2023-07-03,Producto C,1,15333.98
2024-11-09,Producto C,5,32687.05
2023-12-13,Producto B,5,22392.7
2023-11-06,Producto C,8,70600.36
2024-06-11,Producto C,5,53602.67
2024-10-04,Producto B,8,5153.42
2024-05-06,Producto B,4,51296.84
2024-07-09,Producto B,8,58437.22
2024-10-19,Producto C,7,74948.23
2023-02-18,Producto D,9,42270.34
2024-06-22,Producto B,3,95727.4
2023-11-19,Producto C,8,16315.72
2024-07-01,Producto B,1,44910.85
2024-01-21,Producto D,2,11074.1
2024-12-24,Producto B,2,49770.92
2024-11-11,Producto A,6,71718.78
2023-12-29,Producto C,2,68099.36
2024-06-17,Producto B,4,87140.3
2024-01-31,Producto D,5,49756.02
2023-02-23,Producto A,10,76466.95
2023-02-07,Producto B,10,60811.16
2023-03-16,Producto A,5,36823.79
2024-10-10,Producto A,9,85130.46
2023-03-27,Producto B,2,35976.64
2023-11-19,Producto B,9,74703.71
2023-03-24,Producto D,9,62855.19
2023-05-18,Producto A,3,72344.11
2024-04-29,Producto C,10,19715.4
2023-10-16,Producto D,7,45518.72
2024-01-20,Producto A,4,73711.96
2024-02-26,Producto B,1,92949.22
2023-11-05,Producto A,4,42816.02
2024-08-31,Producto B,8,38304.76
2024-05-01,Producto D,4,39088.23
2023-02-05,Producto B,9,50275.83
2024-06-18,Producto B,4,60724.19
2024-05-08,Producto C,6,18165.77
2024-03-02,Producto B,5,4702.28
2023-01-15,Producto C,3,26523.3
2024-10-04,Producto C,1,27146.89
2024-05-11,Producto B,4,7181.19
2023-01-12,Producto D,3,36097.65
2024-03-06,Producto C,2,18417.58
2023-07-25,Producto A,8,46019.49
2023-06-16,Producto C,4,78579.42
2024-08-17,Producto B,3,91151.37
2024-11-25,Producto C,5,46655.44
2024-07-11,Producto B,4,68836.64
2024-11-21,Producto A,4,39448.17
2023-08-04,Producto D,7,68545.97
2024-07-10,Producto C,4,97656.28
2023-06-26,Producto A,3,25194.81
2024-11-06,Producto D,5,88626.42
2024-12-19,Producto A,2,55971.66
2023-10-30,Producto C,7,90089.47
2024-06-30,Producto B,3,31005.1
2023-09-14,Producto C,8,4812.16
2023-01-16,Producto D,7,96724.01
2024-05-06,Producto A,3,75083.54
2024-10-09,Producto D,8,72481.05
2024-01-06,Producto A,4,58504.55
2024-10-03,Producto B,1,86463.89
2023-09-27,Producto D,1,90537.33
2023-08-23,Producto D,4,9030.33
2023-03-21,Producto A,6,19253.28
2024-02-07,Producto C,2,43803.76
2024-12-24,Producto C,3,89058.83
2023-11-16,Producto A,10,31754.43
2024-01-20,Producto C,3,51015.78
2024-10-02,Producto C,5,19224.62
2023-06-17,Producto A,6,38546.7
2024-01-18,Producto D,1,54224.42
2023-06-08,Producto A,8,26749.75
2023-08-04,Producto D,8,41389.75
2024-01-29,Producto A,1,3479.52
2023-08-23,Producto C,1,94011.52
2024-11-16,Producto B,1,53115.68
2023-03-13,Producto A,6,10343.67
2024-05-02,Producto C,1,97803.62
2023-11-24,Producto C,10,73949.81
2023-03-03,Producto B,7,35642.35
2024-12-03,Producto D,4,72491.71
2023-07-20,Producto B,1,47093.36
2023-01-03,Producto C,9,70833.99
2024-09-26,Producto A,3,83853.83
2024-01-23,Producto C,3,7021.7
2023-09-11,Producto A,4,21229.38
2024-04-23,Producto A,6,81624.59
2024-08-26,Producto B,6,49578.02
2024-12-22,Producto C,10,60452.49
2023-08-20,Producto A,8,53334.38
2024-07-10,Producto C,6,71785.16
2023-08-16,Producto A,10,45466.79
2024-07-03,Producto A,9,79059.53
2024-02-05,Producto B,5,67594.29
2024-10-29,Producto B,5,18439.16
2023-07-08,Producto D,8,49554.71
2023-05-22,Producto B,9,23441.35
2023-12-14,Producto D,6,99571.15
2024-06-20,Producto B,8,7185.22
2024-11-24,Producto B,4,8430.66
2023-11-24,Producto A,7,31045.14
2024-04-04,Producto C,6,36516.55
2023-05-01,Producto B,6,12132.28
2023-03-09,Producto A,3,52832.32
2023-03-05,Producto D,6,83678.81
2024-12-14,Producto D,4,71222.64
2023-09-22,Producto D,7,39125.34
2023-04-25,Producto D,9,36695.33
2024-10-09,Producto A,6,64191.2
2023-05-10,Producto A,5,93493.99
2023-12-19,Producto C,2,90915.28
2023-09-15,Producto B,5,83043.33
2024-09-12,Producto A,7,60764.94
2024-09-18,Producto D,9,16327.73
2023-12-03,Producto A,9,96394.75
2024-03-07,Producto D,3,24492.54
2024-07-10,Producto B,2,6373.76
2023-07-12,Producto B,1,42170.53
2023-12-24,Producto B,6,51872.67
2024-12-30,Producto B,5,88983.59
2023-06-02,Producto A,3,22818.59
2024-10-20,Producto C,9,85557.3
2023-06-09,Producto A,2,53958.19
2023-07-09,Producto A,7,92483.85
2024-12-15,Producto A,3,69412.11
2024-08-16,Producto D,7,54307.47
2023-02-25,Producto D,10,27320.99
2023-08-21,Producto B,7,12641.31
2024-10-28,Producto A,1,40471.95
